This is pdfTeX, Version 3.141592653-2.6-1.40.29 (TeX Live 2026/Homebrew) (preloaded format=pdflatex 2026.3.4)  8 AUG 2026 21:45
entering extended mode
 restricted \write18 enabled.
 file:line:error style messages enabled.
 %&-line parsing enabled.
**/Users/huypt03/PRJ/MICROSERVICE_PROJECT/HUST_ASSISTANT_DO_AN_LATEX/DoAn.tex
(/Users/huypt03/PRJ/MICROSERVICE_PROJECT/HUST_ASSISTANT_DO_AN_LATEX/DoAn.tex
LaTeX2e <2025-11-01>
L3 programming layer <2026-01-19>
(/opt/homebrew/Cellar/texlive/20260301/share/texmf-dist/tex/latex/base/report.cls
Document Class: report 2025/01/22 v1.4n Standard LaTeX document class
(/opt/homebrew/Cellar/texlive/20260301/share/texmf-dist/tex/latex/base/size10.clo
File: size10.clo 2025/01/22 v1.4n Standard LaTeX file (size option)
)
\c@part=\count275
\c@chapter=\count276
\c@section=\count277
\c@subsection=\count278
\c@subsubsection=\count279
\c@paragraph=\count280
\c@subparagraph=\count281
\c@figure=\count282
\c@table=\count283
\abovecaptionskip=\skip49
\belowcaptionskip=\skip50
\bibindent=\dimen148
) (/opt/homebrew/Cellar/texlive/20260301/share/texmf-dist/tex/latex/koma-script/scrextend.sty
Package: scrextend 2026/02/02 v3.49.2 KOMA-Script package (extend other classes with features of KOMA-Script classes)
 (/opt/homebrew/Cellar/texlive/20260301/share/texmf-dist/tex/latex/koma-script/scrkbase.sty
Package: scrkbase 2026/02/02 v3.49.2 KOMA-Script package (KOMA-Script-dependent basics and keyval usage)
 (/opt/homebrew/Cellar/texlive/20260301/share/texmf-dist/tex/latex/koma-script/scrbase.sty
Package: scrbase 2026/02/02 v3.49.2 KOMA-Script package (KOMA-Script-independent basics and keyval usage)
 (/opt/homebrew/Cellar/texlive/20260301/share/texmf-dist/tex/latex/koma-script/scrlfile.sty
Package: scrlfile 2026/02/02 v3.49.2 KOMA-Script package (file load hooks)
 (/opt/homebrew/Cellar/texlive/20260301/share/texmf-dist/tex/latex/koma-script/scrlfile-hook.sty
Package: scrlfile-hook 2026/02/02 v3.49.2 KOMA-Script package (using LaTeX hooks)
 (/opt/homebrew/Cellar/texlive/20260301/share/texmf-dist/tex/latex/koma-script/scrlogo.sty
Package: scrlogo 2026/02/02 v3.49.2 KOMA-Script package (logo)
))) (/opt/homebrew/Cellar/texlive/20260301/share/texmf-dist/tex/latex/graphics/keyval.sty
Package: keyval 2022/05/29 v1.15 key=value parser (DPC)
\KV@toks@=\toks17
)
Applying: [2021/05/01] Usage of raw or classic option list on input line 254.
Already applied: [0000/00/00] Usage of raw or classic option list on input line 370.
)))

LaTeX Font Warning: Font shape `OT1/cmr/m/n' in size <13> not available
(Font)              size <12> substituted on input line 4.

(/opt/homebrew/Cellar/texlive/20260301/share/texmf-dist/tex/latex/vntex/vietnam.sty
Package: vietnam 2009/07/12 v1.3 support for Vietnamese
 (/opt/homebrew/Cellar/texlive/20260301/share/texmf-dist/tex/latex/base/ifthen.sty
Package: ifthen 2024/03/16 v1.1e Standard LaTeX ifthen package (DPC)
) (/opt/homebrew/Cellar/texlive/20260301/share/texmf-dist/tex/latex/base/fontenc.sty
Package: fontenc 2025/07/18 v2.1d Standard LaTeX package
 (/opt/homebrew/Cellar/texlive/20260301/share/texmf-dist/tex/latex/vntex/t5enc.def
File: t5enc.def 2006/11/21 v1.4 Vietnamese T5 encoding
Now handling font encoding T5 ...
... processing UTF-8 mapping file for font encoding T5
 (/opt/homebrew/Cellar/texlive/20260301/share/texmf-dist/tex/latex/vntex/t5enc.dfu
File: t5enc.dfu 2006/08/19 v1.1 UTF8 support for Vietnamese
   defining Unicode char U+00AB (decimal 171)
   defining Unicode char U+00BB (decimal 187)
   defining Unicode char U+00C0 (decimal 192)
   defining Unicode char U+00C1 (decimal 193)
   defining Unicode char U+00C2 (decimal 194)
   defining Unicode char U+00C3 (decimal 195)
   defining Unicode char U+00C8 (decimal 200)
   defining Unicode char U+00C9 (decimal 201)
   defining Unicode char U+00CA (decimal 202)
   defining Unicode char U+00CC (decimal 204)
   defining Unicode char U+00CD (decimal 205)
   defining Unicode char U+00D2 (decimal 210)
   defining Unicode char U+00D3 (decimal 211)
   defining Unicode char U+00D4 (decimal 212)
   defining Unicode char U+00D5 (decimal 213)
   defining Unicode char U+00D9 (decimal 217)
   defining Unicode char U+00DA (decimal 218)
   defining Unicode char U+00DD (decimal 221)
   defining Unicode char U+00E0 (decimal 224)
   defining Unicode char U+00E1 (decimal 225)
   defining Unicode char U+00E2 (decimal 226)
   defining Unicode char U+00E3 (decimal 227)
   defining Unicode char U+00E8 (decimal 232)
   defining Unicode char U+00E9 (decimal 233)
   defining Unicode char U+00EA (decimal 234)
   defining Unicode char U+00EC (decimal 236)
   defining Unicode char U+00ED (decimal 237)
   defining Unicode char U+00F2 (decimal 242)
   defining Unicode char U+00F3 (decimal 243)
   defining Unicode char U+00F4 (decimal 244)
   defining Unicode char U+00F5 (decimal 245)
   defining Unicode char U+00F9 (decimal 249)
   defining Unicode char U+00FA (decimal 250)
   defining Unicode char U+00FD (decimal 253)
   defining Unicode char U+0102 (decimal 258)
   defining Unicode char U+0103 (decimal 259)
   defining Unicode char U+0110 (decimal 272)
   defining Unicode char U+0111 (decimal 273)
   defining Unicode char U+0128 (decimal 296)
   defining Unicode char U+0129 (decimal 297)
   defining Unicode char U+0131 (decimal 305)
   defining Unicode char U+0168 (decimal 360)
   defining Unicode char U+0169 (decimal 361)
   defining Unicode char U+01A0 (decimal 416)
   defining Unicode char U+01A1 (decimal 417)
   defining Unicode char U+01AF (decimal 431)
   defining Unicode char U+01B0 (decimal 432)
   defining Unicode char U+1EA0 (decimal 7840)
   defining Unicode char U+1EA1 (decimal 7841)
   defining Unicode char U+1EA2 (decimal 7842)
   defining Unicode char U+1EA3 (decimal 7843)
   defining Unicode char U+1EA4 (decimal 7844)
   defining Unicode char U+1EA5 (decimal 7845)
   defining Unicode char U+1EA6 (decimal 7846)
   defining Unicode char U+1EA7 (decimal 7847)
   defining Unicode char U+1EA8 (decimal 7848)
   defining Unicode char U+1EA9 (decimal 7849)
   defining Unicode char U+1EAA (decimal 7850)
   defining Unicode char U+1EAB (decimal 7851)
   defining Unicode char U+1EAC (decimal 7852)
   defining Unicode char U+1EAD (decimal 7853)
   defining Unicode char U+1EAE (decimal 7854)
   defining Unicode char U+1EAF (decimal 7855)
   defining Unicode char U+1EB0 (decimal 7856)
   defining Unicode char U+1EB1 (decimal 7857)
   defining Unicode char U+1EB2 (decimal 7858)
   defining Unicode char U+1EB3 (decimal 7859)
   defining Unicode char U+1EB4 (decimal 7860)
   defining Unicode char U+1EB5 (decimal 7861)
   defining Unicode char U+1EB6 (decimal 7862)
   defining Unicode char U+1EB7 (decimal 7863)
   defining Unicode char U+1EB8 (decimal 7864)
   defining Unicode char U+1EB9 (decimal 7865)
   defining Unicode char U+1EBA (decimal 7866)
   defining Unicode char U+1EBB (decimal 7867)
   defining Unicode char U+1EBC (decimal 7868)
   defining Unicode char U+1EBD (decimal 7869)
   defining Unicode char U+1EBE (decimal 7870)
   defining Unicode char U+1EBF (decimal 7871)
   defining Unicode char U+1EC0 (decimal 7872)
   defining Unicode char U+1EC1 (decimal 7873)
   defining Unicode char U+1EC2 (decimal 7874)
   defining Unicode char U+1EC3 (decimal 7875)
   defining Unicode char U+1EC4 (decimal 7876)
   defining Unicode char U+1EC5 (decimal 7877)
   defining Unicode char U+1EC6 (decimal 7878)
   defining Unicode char U+1EC7 (decimal 7879)
   defining Unicode char U+1EC8 (decimal 7880)
   defining Unicode char U+1EC9 (decimal 7881)
   defining Unicode char U+1ECA (decimal 7882)
   defining Unicode char U+1ECB (decimal 7883)
   defining Unicode char U+1ECC (decimal 7884)
   defining Unicode char U+1ECD (decimal 7885)
   defining Unicode char U+1ECE (decimal 7886)
   defining Unicode char U+1ECF (decimal 7887)
   defining Unicode char U+1ED0 (decimal 7888)
   defining Unicode char U+1ED1 (decimal 7889)
   defining Unicode char U+1ED2 (decimal 7890)
   defining Unicode char U+1ED3 (decimal 7891)
   defining Unicode char U+1ED4 (decimal 7892)
   defining Unicode char U+1ED5 (decimal 7893)
   defining Unicode char U+1ED6 (decimal 7894)
   defining Unicode char U+1ED7 (decimal 7895)
   defining Unicode char U+1ED8 (decimal 7896)
   defining Unicode char U+1ED9 (decimal 7897)
   defining Unicode char U+1EDA (decimal 7898)
   defining Unicode char U+1EDB (decimal 7899)
   defining Unicode char U+1EDC (decimal 7900)
   defining Unicode char U+1EDD (decimal 7901)
   defining Unicode char U+1EDE (decimal 7902)
   defining Unicode char U+1EDF (decimal 7903)
   defining Unicode char U+1EE0 (decimal 7904)
   defining Unicode char U+1EE1 (decimal 7905)
   defining Unicode char U+1EE2 (decimal 7906)
   defining Unicode char U+1EE3 (decimal 7907)
   defining Unicode char U+1EE4 (decimal 7908)
   defining Unicode char U+1EE5 (decimal 7909)
   defining Unicode char U+1EE6 (decimal 7910)
   defining Unicode char U+1EE7 (decimal 7911)
   defining Unicode char U+1EE8 (decimal 7912)
   defining Unicode char U+1EE9 (decimal 7913)
   defining Unicode char U+1EEA (decimal 7914)
   defining Unicode char U+1EEB (decimal 7915)
   defining Unicode char U+1EEC (decimal 7916)
   defining Unicode char U+1EED (decimal 7917)
   defining Unicode char U+1EEE (decimal 7918)
   defining Unicode char U+1EEF (decimal 7919)
   defining Unicode char U+1EF0 (decimal 7920)
   defining Unicode char U+1EF1 (decimal 7921)
   defining Unicode char U+1EF2 (decimal 7922)
   defining Unicode char U+1EF3 (decimal 7923)
   defining Unicode char U+1EF4 (decimal 7924)
   defining Unicode char U+1EF5 (decimal 7925)
   defining Unicode char U+1EF6 (decimal 7926)
   defining Unicode char U+1EF7 (decimal 7927)
   defining Unicode char U+1EF8 (decimal 7928)
   defining Unicode char U+1EF9 (decimal 7929)
   defining Unicode char U+200C (decimal 8204)
   defining Unicode char U+2013 (decimal 8211)
   defining Unicode char U+2014 (decimal 8212)
   defining Unicode char U+2018 (decimal 8216)
   defining Unicode char U+2019 (decimal 8217)
   defining Unicode char U+201A (decimal 8218)
   defining Unicode char U+201C (decimal 8220)
   defining Unicode char U+201D (decimal 8221)
   defining Unicode char U+201E (decimal 8222)
   defining Unicode char U+2030 (decimal 8240)
   defining Unicode char U+2031 (decimal 8241)
   defining Unicode char U+2039 (decimal 8249)
   defining Unicode char U+203A (decimal 8250)
   defining Unicode char U+2423 (decimal 9251)
))
LaTeX Font Info:    Trying to load font information for T5+cmr on input line 116.
 (/opt/homebrew/Cellar/texlive/20260301/share/texmf-dist/tex/latex/vntex/t5cmr.fd
File: t5cmr.fd 1999/05/25 v2.5h Standard LaTeX font definitions
)) (/opt/homebrew/Cellar/texlive/20260301/share/texmf-dist/tex/latex/base/inputenc.sty
Package: inputenc 2024/02/08 v1.3d Input encoding file
\inpenc@prehook=\toks18
\inpenc@posthook=\toks19
) (/opt/homebrew/Cellar/texlive/20260301/share/texmf-dist/tex/latex/vntex/vncaps.tex
File: vncaps.tex 2006/06/07 v1.1 Captions in Vietnamese
)) (/opt/homebrew/Cellar/texlive/20260301/share/texmf-dist/tex/latex/geometry/geometry.sty
Package: geometry 2020/01/02 v5.9 Page Geometry
 (/opt/homebrew/Cellar/texlive/20260301/share/texmf-dist/tex/generic/iftex/ifvtex.sty
Package: ifvtex 2019/10/25 v1.7 ifvtex legacy package. Use iftex instead.
 (/opt/homebrew/Cellar/texlive/20260301/share/texmf-dist/tex/generic/iftex/iftex.sty
Package: iftex 2024/12/12 v1.0g TeX engine tests
))
\Gm@cnth=\count284
\Gm@cntv=\count285
\c@Gm@tempcnt=\count286
\Gm@bindingoffset=\dimen149
\Gm@wd@mp=\dimen150
\Gm@odd@mp=\dimen151
\Gm@even@mp=\dimen152
\Gm@layoutwidth=\dimen153
\Gm@layoutheight=\dimen154
\Gm@layouthoffset=\dimen155
\Gm@layoutvoffset=\dimen156
\Gm@dimlist=\toks20
) (/opt/homebrew/Cellar/texlive/20260301/share/texmf-dist/tex/latex/graphics/graphicx.sty
Package: graphicx 2024/12/31 v1.2e Enhanced LaTeX Graphics (DPC,SPQR)
 (/opt/homebrew/Cellar/texlive/20260301/share/texmf-dist/tex/latex/graphics/graphics.sty
Package: graphics 2024/08/06 v1.4g Standard LaTeX Graphics (DPC,SPQR)
 (/opt/homebrew/Cellar/texlive/20260301/share/texmf-dist/tex/latex/graphics/trig.sty
Package: trig 2023/12/02 v1.11 sin cos tan (DPC)
) (/opt/homebrew/Cellar/texlive/20260301/share/texmf-dist/tex/latex/graphics-cfg/graphics.cfg
File: graphics.cfg 2016/06/04 v1.11 sample graphics configuration
)
Package graphics Info: Driver file: pdftex.def on input line 106.
 (/opt/homebrew/Cellar/texlive/20260301/share/texmf-dist/tex/latex/graphics-def/pdftex.def
File: pdftex.def 2025/09/29 v1.2d Graphics/color driver for pdftex
))
\Gin@req@height=\dimen157
\Gin@req@width=\dimen158
) (/opt/homebrew/Cellar/texlive/20260301/share/texmf-dist/tex/latex/fancybox/fancybox.sty
Package: fancybox 2010/05/15 1.4

Style option: `fancybox' v1.4 <2010/05/15> (tvz)
\@fancybox=\box53
\shadowsize=\dimen159
\@Sbox=\box54
\do@VerbBox=\toks21
\the@fancyput=\toks22
\this@fancyput=\toks23
\EndVerbatimTokens=\toks24
\Verbatim@Outfile=\write3
\Verbatim@Infile=\read2
) (/opt/homebrew/Cellar/texlive/20260301/share/texmf-dist/tex/latex/tools/indentfirst.sty
Package: indentfirst 2023/07/02 v1.03 Indent first paragraph (DPC)
) (/opt/homebrew/Cellar/texlive/20260301/share/texmf-dist/tex/latex/amscls/amsthm.sty
Package: amsthm 2020/05/29 v2.20.6
\thm@style=\toks25
\thm@bodyfont=\toks26
\thm@headfont=\toks27
\thm@notefont=\toks28
\thm@headpunct=\toks29
\thm@preskip=\skip51
\thm@postskip=\skip52
\thm@headsep=\skip53
\dth@everypar=\toks30
) (/opt/homebrew/Cellar/texlive/20260301/share/texmf-dist/tex/latex/base/latexsym.sty
Package: latexsym 1998/08/17 v2.2e Standard LaTeX package (lasy symbols)
\symlasy=\mathgroup4
LaTeX Font Info:    Overwriting symbol font `lasy' in version `bold'
(Font)                  U/lasy/m/n --> U/lasy/b/n on input line 52.
) (/opt/homebrew/Cellar/texlive/20260301/share/texmf-dist/tex/latex/amsmath/amsmath.sty
Package: amsmath 2025/07/09 v2.17z AMS math features
\@mathmargin=\skip54

For additional information on amsmath, use the `?' option.
(/opt/homebrew/Cellar/texlive/20260301/share/texmf-dist/tex/latex/amsmath/amstext.sty
Package: amstext 2024/11/17 v2.01 AMS text
 (/opt/homebrew/Cellar/texlive/20260301/share/texmf-dist/tex/latex/amsmath/amsgen.sty
File: amsgen.sty 1999/11/30 v2.0 generic functions
\@emptytoks=\toks31
\ex@=\dimen160
)) (/opt/homebrew/Cellar/texlive/20260301/share/texmf-dist/tex/latex/amsmath/amsbsy.sty
Package: amsbsy 1999/11/29 v1.2d Bold Symbols
\pmbraise@=\dimen161
) (/opt/homebrew/Cellar/texlive/20260301/share/texmf-dist/tex/latex/amsmath/amsopn.sty
Package: amsopn 2022/04/08 v2.04 operator names
)
\inf@bad=\count287
LaTeX Info: Redefining \frac on input line 233.
\uproot@=\count288
\leftroot@=\count289
LaTeX Info: Redefining \overline on input line 398.
LaTeX Info: Redefining \colon on input line 409.
\classnum@=\count290
\DOTSCASE@=\count291
LaTeX Info: Redefining \ldots on input line 495.
LaTeX Info: Redefining \dots on input line 498.
LaTeX Info: Redefining \cdots on input line 619.
\Mathstrutbox@=\box55
\strutbox@=\box56
LaTeX Info: Redefining \big on input line 721.
LaTeX Info: Redefining \Big on input line 722.
LaTeX Info: Redefining \bigg on input line 723.
LaTeX Info: Redefining \Bigg on input line 724.
\big@size=\dimen162
LaTeX Font Info:    Redeclaring font encoding OML on input line 742.
LaTeX Font Info:    Redeclaring font encoding OMS on input line 743.
\macc@depth=\count292
LaTeX Info: Redefining \bmod on input line 904.
LaTeX Info: Redefining \pmod on input line 909.
LaTeX Info: Redefining \smash on input line 939.
LaTeX Info: Redefining \relbar on input line 969.
LaTeX Info: Redefining \Relbar on input line 970.
\c@MaxMatrixCols=\count293
\dotsspace@=\muskip17
\c@parentequation=\count294
\dspbrk@lvl=\count295
\tag@help=\toks32
\row@=\count296
\column@=\count297
\maxfields@=\count298
\andhelp@=\toks33
\eqnshift@=\dimen163
\alignsep@=\dimen164
\tagshift@=\dimen165
\tagwidth@=\dimen166
\totwidth@=\dimen167
\lineht@=\dimen168
\@envbody=\toks34
\multlinegap=\skip55
\multlinetaggap=\skip56
\mathdisplay@stack=\toks35
LaTeX Info: Redefining \[ on input line 2950.
LaTeX Info: Redefining \] on input line 2951.
) (/opt/homebrew/Cellar/texlive/20260301/share/texmf-dist/tex/latex/amsfonts/amssymb.sty
Package: amssymb 2013/01/14 v3.01 AMS font symbols
 (/opt/homebrew/Cellar/texlive/20260301/share/texmf-dist/tex/latex/amsfonts/amsfonts.sty
Package: amsfonts 2013/01/14 v3.01 Basic AMSFonts support
\symAMSa=\mathgroup5
\symAMSb=\mathgroup6
LaTeX Font Info:    Redeclaring math symbol \hbar on input line 98.
LaTeX Font Info:    Overwriting math alphabet `\mathfrak' in version `bold'
(Font)                  U/euf/m/n --> U/euf/b/n on input line 106.
)) (/opt/homebrew/Cellar/texlive/20260301/share/texmf-dist/tex/latex/psnfss/times.sty
Package: times 2020/03/25 PSNFSS-v9.3 (SPQR) 
) (/opt/homebrew/Cellar/texlive/20260301/share/texmf-dist/tex/latex/tools/array.sty
Package: array 2025/09/25 v2.6n Tabular extension package (FMi)
\col@sep=\dimen169
\ar@mcellbox=\box57
\extrarowheight=\dimen170
\NC@list=\toks36
\extratabsurround=\skip57
\backup@length=\skip58
\ar@cellbox=\box58
) (/opt/homebrew/Cellar/texlive/20260301/share/texmf-dist/tex/latex/enumitem/enumitem.sty
Package: enumitem 2025/02/06 v3.11 Customized lists
\labelindent=\skip59
\enit@outerparindent=\dimen171
\enit@toks=\toks37
\enit@inbox=\box59
\enit@count@id=\count299
\enitdp@description=\count300
) (/opt/homebrew/Cellar/texlive/20260301/share/texmf-dist/tex/latex/subfiles/subfiles.sty
Package: subfiles 2020/11/14 v2.2 Multi-file projects (package)
 (/opt/homebrew/Cellar/texlive/20260301/share/texmf-dist/tex/latex/import/import.sty
Package: import 2020/04/01  v 6.2
)) (/opt/homebrew/Cellar/texlive/20260301/share/texmf-dist/tex/latex/titlesec/titlesec.sty
Package: titlesec 2025/01/04 v2.17 Sectioning titles
\ttl@box=\box60
\beforetitleunit=\skip60
\aftertitleunit=\skip61
\ttl@plus=\dimen172
\ttl@minus=\dimen173
\ttl@toksa=\toks38
\titlewidth=\dimen174
\titlewidthlast=\dimen175
\titlewidthfirst=\dimen176
) (/opt/homebrew/Cellar/texlive/20260301/share/texmf-dist/tex/latex/titlesec/titletoc.sty
Package: titletoc 2025/01/04 v2.17 TOC entries
\ttl@leftsep=\dimen177
) (/opt/homebrew/Cellar/texlive/20260301/share/texmf-dist/tex/latex/chngcntr/chngcntr.sty
Package: chngcntr 2018/04/09 v1.1a change counter resetting
Package chngcntr Info: \counterwithout already defined.
(chngcntr)             Quitting chngcntr on input line 21.
) (/opt/homebrew/Cellar/texlive/20260301/share/texmf-dist/tex/latex/pdflscape/pdflscape.sty
Package: pdflscape 2025-06-23 v0.14 Display of landscape pages in PDF
 (/opt/homebrew/Cellar/texlive/20260301/share/texmf-dist/tex/latex/pdflscape/pdflscape-nometadata.sty
Package: pdflscape-nometadata 2025-06-23 v0.14 Display of landscape pages in PDF (HO)
 (/opt/homebrew/Cellar/texlive/20260301/share/texmf-dist/tex/latex/graphics/lscape.sty
Package: lscape 2020/05/28 v3.02 Landscape Pages (DPC)
)
Package pdflscape Info: Auto-detected driver: pdftex on input line 81.
)) (/opt/homebrew/Cellar/texlive/20260301/share/texmf-dist/tex/latex/tools/afterpage.sty
Package: afterpage 2023/07/04 v1.08 After-Page Package (DPC)
\AP@output=\toks39
\AP@partial=\box61
\AP@footins=\box62
) (/opt/homebrew/Cellar/texlive/20260301/share/texmf-dist/tex/latex/algorithm2e/algorithm2e.sty
Package: algorithm2e 2017/07/18 v5.2 algorithms environments
\c@AlgoLine=\count301
\algocf@hangindent=\skip62
 (/opt/homebrew/Cellar/texlive/20260301/share/texmf-dist/tex/latex/ifoddpage/ifoddpage.sty
Package: ifoddpage 2022/10/18 v1.2 Conditionals for odd/even page detection
\c@checkoddpage=\count302
) (/opt/homebrew/Cellar/texlive/20260301/share/texmf-dist/tex/latex/tools/xspace.sty
Package: xspace 2014/10/28 v1.13 Space after command names (DPC,MH)
) (/opt/homebrew/Cellar/texlive/20260301/share/texmf-dist/tex/latex/relsize/relsize.sty
Package: relsize 2013/03/29 ver 4.1
)
\skiptotal=\skip63
\skiplinenumber=\skip64
\skiprule=\skip65
\skiphlne=\skip66
\skiptext=\skip67
\skiplength=\skip68
\algomargin=\skip69
\skipalgocfslide=\skip70
\algowidth=\dimen178
\inoutsize=\dimen179
\inoutindent=\dimen180
\interspacetitleruled=\dimen181
\interspacealgoruled=\dimen182
\interspacetitleboxruled=\dimen183
\algocf@ruledwidth=\skip71
\algocf@inoutbox=\box63
\algocf@inputbox=\box64
\AlCapSkip=\skip72
\AlCapHSkip=\skip73
\algoskipindent=\skip74
\algocf@nlbox=\box65
\algocf@hangingbox=\box66
\algocf@untilbox=\box67
\algocf@skipuntil=\skip75
\algocf@capbox=\box68
\algocf@lcaptionbox=\skip76
\algoheightruledefault=\skip77
\algoheightrule=\skip78
\algotitleheightruledefault=\skip79
\algotitleheightrule=\skip80
\c@algocfline=\count303
\c@algocfproc=\count304
\c@algocf=\count305
\algocf@algoframe=\box69
\algocf@algobox=\box70
) (/opt/homebrew/Cellar/texlive/20260301/share/texmf-dist/tex/latex/capt-of/capt-of.sty
Package: capt-of 2009/12/29 v0.2 standard captions outside of floats
) (/opt/homebrew/Cellar/texlive/20260301/share/texmf-dist/tex/latex/multirow/multirow.sty
Package: multirow 2024/11/12 v2.9 Span multiple rows of a table
\multirow@colwidth=\skip81
\multirow@cntb=\count306
\multirow@dima=\skip82
\bigstrutjot=\dimen184
) (/opt/homebrew/Cellar/texlive/20260301/share/texmf-dist/tex/latex/fancyhdr/fancyhdr.sty
Package: fancyhdr 2025/02/07 v5.2 Extensive control of page headers and footers
\f@nch@headwidth=\skip83
\f@nch@offset@elh=\skip84
\f@nch@offset@erh=\skip85
\f@nch@offset@olh=\skip86
\f@nch@offset@orh=\skip87
\f@nch@offset@elf=\skip88
\f@nch@offset@erf=\skip89
\f@nch@offset@olf=\skip90
\f@nch@offset@orf=\skip91
\f@nch@height=\skip92
\f@nch@footalignment=\skip93
\f@nch@widthL=\skip94
\f@nch@widthC=\skip95
\f@nch@widthR=\skip96
\@temptokenb=\toks40
) (/opt/homebrew/Cellar/texlive/20260301/share/texmf-dist/tex/latex/appendix/appendix.sty
Package: appendix 2020/02/08 v1.2c extra appendix facilities
\c@@pps=\count307
\c@@ppsavesec=\count308
\c@@ppsaveapp=\count309
) (/opt/homebrew/Cellar/texlive/20260301/share/texmf-dist/tex/latex/caption/caption.sty
Package: caption 2023/08/05 v3.6o Customizing captions (AR)
 (/opt/homebrew/Cellar/texlive/20260301/share/texmf-dist/tex/latex/caption/caption3.sty
Package: caption3 2023/07/31 v2.4d caption3 kernel (AR)
\caption@tempdima=\dimen185
\captionmargin=\dimen186
\caption@leftmargin=\dimen187
\caption@rightmargin=\dimen188
\caption@width=\dimen189
\caption@indent=\dimen190
\caption@parindent=\dimen191
\caption@hangindent=\dimen192
Package caption Info: Standard document class detected.
)
\c@caption@flags=\count310
\c@continuedfloat=\count311
Package caption Info: scrextend package is loaded.
\caption@addmargin@hsize=\dimen193
\caption@addmargin@linewidth=\dimen194
) (/opt/homebrew/Cellar/texlive/20260301/share/texmf-dist/tex/latex/listings/listings.sty
\lst@mode=\count312
\lst@gtempboxa=\box71
\lst@token=\toks41
\lst@length=\count313
\lst@currlwidth=\dimen195
\lst@column=\count314
\lst@pos=\count315
\lst@lostspace=\dimen196
\lst@width=\dimen197
\lst@newlines=\count316
\lst@lineno=\count317
\lst@maxwidth=\dimen198
 (/opt/homebrew/Cellar/texlive/20260301/share/texmf-dist/tex/latex/listings/lstpatch.sty
File: lstpatch.sty 2025/11/14 1.11b (Carsten Heinz)
) (/opt/homebrew/Cellar/texlive/20260301/share/texmf-dist/tex/latex/listings/lstmisc.sty
File: lstmisc.sty 2025/11/14 1.11b (Carsten Heinz)
\c@lstnumber=\count318
\lst@skipnumbers=\count319
\lst@framebox=\box72
) (/opt/homebrew/Cellar/texlive/20260301/share/texmf-dist/tex/latex/listings/listings.cfg
File: listings.cfg 2025/11/14 1.11b listings configuration
))
Package: listings 2025/11/14 1.11b (Carsten Heinz)

==> First Aid for listings.sty no longer applied!
    Expected:
        2024/09/23 1.10c (Carsten Heinz)
    but found:
        2025/11/14 1.11b (Carsten Heinz)
    so I'm assuming it got fixed.
(/opt/homebrew/Cellar/texlive/20260301/share/texmf-dist/tex/latex/float/float.sty
Package: float 2001/11/08 v1.3d Float enhancements (AL)
\c@float@type=\count320
\float@exts=\toks42
\float@box=\box73
\@float@everytoks=\toks43
\@floatcapt=\box74
) (/opt/homebrew/Cellar/texlive/20260301/share/texmf-dist/tex/latex/caption/subcaption.sty
Package: subcaption 2023/07/28 v1.6b Sub-captions (AR)
Package caption Info: New subtype `subfigure' on input line 238.
\c@subfigure=\count321
Package caption Info: New subtype `subtable' on input line 238.
\c@subtable=\count322
) (/opt/homebrew/Cellar/texlive/20260301/share/texmf-dist/tex/latex/xurl/xurl.sty
Package: xurl 2022/01/09 v 0.10 modify URL breaks
 (/opt/homebrew/Cellar/texlive/20260301/share/texmf-dist/tex/latex/url/url.sty
\Urlmuskip=\muskip18
Package: url 2013/09/16  ver 3.4  Verb mode for urls, etc.
)) (/opt/homebrew/Cellar/texlive/20260301/share/texmf-dist/tex/latex/tools/tabularx.sty
Package: tabularx 2023/12/11 v2.12a `tabularx' package (DPC)
\TX@col@width=\dimen199
\TX@old@table=\dimen256
\TX@old@col=\dimen257
\TX@target=\dimen258
\TX@delta=\dimen259
\TX@cols=\count323
\TX@ftn=\toks44
) (/opt/homebrew/Cellar/texlive/20260301/share/texmf-dist/tex/latex/seqsplit/seqsplit.sty
Package: seqsplit 2006/08/07 v0.1 Splitting long sequences (DNA, RNA, proteins, etc.) 
) (/opt/homebrew/Cellar/texlive/20260301/share/texmf-dist/tex/latex/fvextra/fvextra.sty
Package: fvextra 2026/02/25 v1.14.0 fvextra - extensions and patches for fancyvrb
 (/opt/homebrew/Cellar/texlive/20260301/share/texmf-dist/tex/latex/etoolbox/etoolbox.sty
Package: etoolbox 2025/10/02 v2.5m e-TeX tools for LaTeX (JAW)
\etb@tempcnta=\count324
) (/opt/homebrew/Cellar/texlive/20260301/share/texmf-dist/tex/latex/fancyvrb/fancyvrb.sty
Package: fancyvrb 2025/07/28 4.6 verbatim text (tvz,hv)
\FV@CodeLineNo=\count325
\FV@InFile=\read3
\FV@TabBox=\box75
\c@FancyVerbLine=\count326
\FV@StepNumber=\count327
\FV@OutFile=\write4
LaTeX Info: Redefining \UseVerb on input line 1229.
) (/opt/homebrew/Cellar/texlive/20260301/share/texmf-dist/tex/latex/upquote/upquote.sty
Package: upquote 2012/04/19 v1.3 upright-quote and grave-accent glyphs in verbatim
 (/opt/homebrew/Cellar/texlive/20260301/share/texmf-dist/tex/latex/base/textcomp.sty
Package: textcomp 2024/04/24 v2.1b Standard LaTeX package
)) (/opt/homebrew/Cellar/texlive/20260301/share/texmf-dist/tex/latex/lineno/lineno.sty
Package: lineno 2026/02/16 line numbers on paragraphs v5.7
 (/opt/homebrew/Cellar/texlive/20260301/share/texmf-dist/tex/latex/kvoptions/kvoptions.sty
Package: kvoptions 2022-06-15 v3.15 Key value format for package options (HO)
 (/opt/homebrew/Cellar/texlive/20260301/share/texmf-dist/tex/generic/ltxcmds/ltxcmds.sty
Package: ltxcmds 2023-12-04 v1.26 LaTeX kernel commands for general use (HO)
) (/opt/homebrew/Cellar/texlive/20260301/share/texmf-dist/tex/latex/kvsetkeys/kvsetkeys.sty
Package: kvsetkeys 2022-10-05 v1.19 Key value parser (HO)
))
\linenopenalty=\count328
\output=\toks45
\linenoprevgraf=\count329
\linenumbersep=\dimen260
\linenumberwidth=\dimen261
\c@linenumber=\count330
\c@pagewiselinenumber=\count331
\c@LN@truepage=\count332
\c@internallinenumber=\count333
\c@internallinenumbers=\count334
\quotelinenumbersep=\dimen262
\bframerule=\dimen263
\bframesep=\dimen264
\bframebox=\box76
\@LN@amsmath@ams@eqpen=\count335
)
\c@FancyVerbWriteLine=\count336
\c@FancyVerbBufferLine=\count337
\c@FV@TrueTabGroupLevel=\count338
\c@FV@TrueTabCounter=\count339
\FV@TabBox@Group=\box77
\FV@bgcolorstructbox=\box78
\FV@TmpLength=\skip97
\c@FV@HighlightLinesStart=\count340
\c@FV@HighlightLinesStop=\count341
\FV@LoopCount=\count342
\FV@NCharsBox=\box79
\FV@BreakIndent=\dimen265
\FV@BreakIndentNChars=\count343
\FV@BreakSymbolSepLeft=\dimen266
\FV@BreakSymbolSepLeftNChars=\count344
\FV@BreakSymbolSepRight=\dimen267
\FV@BreakSymbolSepRightNChars=\count345
\FV@BreakSymbolIndentLeft=\dimen268
\FV@BreakSymbolIndentLeftNChars=\count346
\FV@BreakSymbolIndentRight=\dimen269
\FV@BreakSymbolIndentRightNChars=\count347
\c@FancyVerbLineBreakLast=\count348
\FV@LineBox=\box80
\FV@LineIndentBox=\box81
\c@FV@BreakBufferDepth=\count349
\FV@LineWidth=\dimen270
) (/opt/homebrew/Cellar/texlive/20260301/share/texmf-dist/tex/latex/glossaries/base/glossaries.sty
Package: glossaries 2025/11/09 v4.9 (NLCT)
 (/opt/homebrew/Cellar/texlive/20260301/share/texmf-dist/tex/latex/xkeyval/xkeyval.sty
Package: xkeyval 2025/11/04 v2.10 package option processing (HA)
 (/opt/homebrew/Cellar/texlive/20260301/share/texmf-dist/tex/generic/xkeyval/xkeyval.tex (/opt/homebrew/Cellar/texlive/20260301/share/texmf-dist/tex/generic/xkeyval/xkvutils.tex
\XKV@toks=\toks46
\XKV@tempa@toks=\toks47
\XKV@tempb@toks=\toks48
)
\XKV@depth=\count350
File: xkeyval.tex 2014/12/03 v2.7a key=value parser (HA)
)) (/opt/homebrew/Cellar/texlive/20260301/share/texmf-dist/tex/latex/mfirstuc/mfirstuc.sty
Package: mfirstuc 2025/04/03 v2.09 (NLCT)
\@glsmfirst=\toks49
\@glsmrest=\toks50
) (/opt/homebrew/Cellar/texlive/20260301/share/texmf-dist/tex/latex/xfor/xfor.sty
Package: xfor 2009/02/05 v1.05 (NLCT)
) (/opt/homebrew/Cellar/texlive/20260301/share/texmf-dist/tex/latex/datatool/datatool-base.sty
Package: datatool-base 2025/12/04 v3.4.3 (NLCT)
 (/opt/homebrew/Cellar/texlive/20260301/share/texmf-dist/tex/latex/tracklang/tracklang.sty
Package: tracklang 2025/03/11 v1.6.6 (NLCT) Track Languages
 (/opt/homebrew/Cellar/texlive/20260301/share/texmf-dist/tex/generic/tracklang/tracklang.tex))
\l__datatool_tmpa_int=\count351
\l__datatool_tmpb_int=\count352
\l__datatool_tmpc_int=\count353
\l__datatool_tmpd_int=\count354
\l__datatool_count_int=\count355
\l__datatool_tmp_datatype_int=\count356
\l__datatool_tmpa_dim=\dimen271
\l__datatool_tmpb_dim=\dimen272
 (/opt/homebrew/Cellar/texlive/20260301/share/texmf-dist/tex/latex/datatool/datatool-l3fp.def
File: datatool-l3fp.def 2025/12/04 v3.4.3 (NLCT)
)
\@dtl@toks=\toks51
\@dtl@tmpcount=\count357
\dtl@tmplength=\skip98
\l__datatool_measure_box=\box82
\dtl@sortresult=\count358
 (/opt/homebrew/Cellar/texlive/20260301/share/texmf-dist/tex/latex/datatool/datatool-utf8.ldf
File: datatool-utf8.ldf 2025/12/04 v3.4.3 (NLCT)
)
\@dtl@datatype=\count359
\c_datatool_unknown_int=\count360
\l__datatool_year_int=\count361
\l__datatool_month_int=\count362
\l__datatool_day_int=\count363
\l__datatool_hour_int=\count364
\l__datatool_minute_int=\count365
\l__datatool_second_int=\count366
\l__datatool_tzhour_int=\count367
\l__datatool_tzminute_int=\count368
\l__datatool_julian_int=\count369
\l__datatool_local_julian_int=\count370
\l__datatool_prefix_int=\count371
\l__datatool_suffix_int=\count372
\@dtl@foreach@level=\count373
\dtl@codeA=\count374
\dtl@codeB=\count375
)
\gls@level=\count376
\@gls@tmpb=\toks52
\gls@tmplen=\skip99
\l__glossaries_tmpa_dim=\dimen273
\l__glossaries_tmpb_dim=\dimen274
\glskeylisttok=\toks53
\glslabeltok=\toks54
\glsshorttok=\toks55
\glslongtok=\toks56
 (/opt/homebrew/Cellar/texlive/20260301/share/texmf-dist/tex/latex/glossaries/styles/glossary-hypernav.sty
Package: glossary-hypernav 2025/11/09 v4.9 (NLCT)
) (/opt/homebrew/Cellar/texlive/20260301/share/texmf-dist/tex/latex/glossaries/styles/glossary-list.sty
Package: glossary-list 2025/11/09 v4.9 (NLCT)
\glslistdottedwidth=\skip100
) (/opt/homebrew/Cellar/texlive/20260301/share/texmf-dist/tex/latex/glossaries/styles/glossary-long.sty
Package: glossary-long 2025/11/09 v4.9 (NLCT)
 (/opt/homebrew/Cellar/texlive/20260301/share/texmf-dist/tex/latex/tools/longtable.sty
Package: longtable 2025-10-13 v4.24 Multi-page Table package (DPC)
\LTleft=\skip101
\LTright=\skip102
\LTpre=\skip103
\LTpost=\skip104
\LTchunksize=\count377
\LTcapwidth=\dimen275
\LT@head=\box83
\LT@firsthead=\box84
\LT@foot=\box85
\LT@lastfoot=\box86
\LT@gbox=\box87
\LT@cols=\count378
\LT@rows=\count379
\c@LT@tables=\count380
\c@LT@chunks=\count381
\LT@p@ftn=\toks57
)
\glsdescwidth=\skip105
\glspagelistwidth=\skip106
) (/opt/homebrew/Cellar/texlive/20260301/share/texmf-dist/tex/latex/glossaries/styles/glossary-super.sty
Package: glossary-super 2025/11/09 v4.9 (NLCT)
 (/opt/homebrew/Cellar/texlive/20260301/share/texmf-dist/tex/latex/supertabular/supertabular.sty
Package: supertabular 2025/06/26 v4.2d the supertabular environment
\c@tracingst=\count382
\ST@wd=\dimen276
\ST@rightskip=\skip107
\ST@leftskip=\skip108
\ST@parfillskip=\skip109
\ST@pageleft=\dimen277
\ST@headht=\dimen278
\ST@tailht=\dimen279
\ST@pagesofar=\dimen280
\ST@pboxht=\dimen281
\ST@rowht=\dimen282
\ST@prevht=\dimen283
\ST@toadd=\dimen284
\ST@dimen=\dimen285
\ST@pbox=\box88
)) (/opt/homebrew/Cellar/texlive/20260301/share/texmf-dist/tex/latex/glossaries/styles/glossary-tree.sty
Package: glossary-tree 2025/11/09 v4.9 (NLCT)
\l__glossaries_tree_max_known_level_int=\count383
\l__glossaries_tree_offset_dim=\dimen286
\l__glossaries_tree_namewidth_dim=\dimen287
\l__glossaries_tree_symbolwidth_dim=\dimen288
\l__glossaries_tree_prenamesym_width_dim=\dimen289
\l__glossaries_tree_presubnamesym_width_dim=\dimen290
\l__glossaries_tree_namewidth_padding_dim=\dimen291
\l__glossaries_tree_symbolwidth_padding_dim=\dimen292
\l__glossaries_tree_namesymbolwidth_dim=\dimen293
\l__glossaries_tree_namesymbolwidth_padding_dim=\dimen294
\l__glossaries_tree_level_int=\count384
\glstreeindent=\skip110
)) (/opt/homebrew/Cellar/texlive/20260301/share/texmf-dist/tex/latex/setspace/setspace.sty
Package: setspace 2022/12/04 v6.7b set line spacing
) (/opt/homebrew/Cellar/texlive/20260301/share/texmf-dist/tex/latex/parskip/parskip.sty
Package: parskip 2021-03-14 v2.0h non-zero parskip adjustments
) (/opt/homebrew/Cellar/texlive/20260301/share/texmf-dist/tex/latex/koma-script/tocbasic.sty
Package: tocbasic 2026/02/02 v3.49.2 KOMA-Script package (handling toc-files)
\scr@dte@tocline@numberwidth=\skip111
\scr@dte@tocline@numbox=\box89
) (/opt/homebrew/Cellar/texlive/20260301/share/texmf-dist/tex/latex/blindtext/blindtext.sty
Package: blindtext 2012/01/06 V2.0 blindtext-Package
\c@blindtext=\count385
\c@Blindtext=\count386
\c@blind@countparstart=\count387
\blind@countxx=\count388
\blindtext@numBlindtext=\count389
\blind@countyy=\count390
\c@blindlist=\count391
\c@blindlistlevel=\count392
\c@blindlist@level=\count393
\blind@listitem=\count394
\c@blind@listcount=\count395
\c@blind@levelcount=\count396
\blind@mathformula=\count397
\blind@Mathformula=\count398
\c@blind@randomcount=\count399
\c@blind@randommax=\count400
\c@blind@pangramcount=\count401
\c@blind@pangrammax=\count402
) (/opt/homebrew/Cellar/texlive/20260301/share/texmf-dist/tex/latex/biblatex/biblatex.sty
Package: biblatex 2025/07/10 v3.21 programmable bibliographies (PK/MW)
 (/opt/homebrew/Cellar/texlive/20260301/share/texmf-dist/tex/generic/pdftexcmds/pdftexcmds.sty
Package: pdftexcmds 2020-06-27 v0.33 Utility functions of pdfTeX for LuaTeX (HO)
 (/opt/homebrew/Cellar/texlive/20260301/share/texmf-dist/tex/generic/infwarerr/infwarerr.sty
Package: infwarerr 2019/12/03 v1.5 Providing info/warning/error messages (HO)
)
Package pdftexcmds Info: \pdf@primitive is available.
Package pdftexcmds Info: \pdf@ifprimitive is available.
Package pdftexcmds Info: \pdfdraftmode found.
) (/opt/homebrew/Cellar/texlive/20260301/share/texmf-dist/tex/latex/logreq/logreq.sty
Package: logreq 2010/08/04 v1.0 xml request logger
\lrq@indent=\count403
 (/opt/homebrew/Cellar/texlive/20260301/share/texmf-dist/tex/latex/logreq/logreq.def
File: logreq.def 2010/08/04 v1.0 logreq spec v1.0
))
\c@tabx@nest=\count404
\c@listtotal=\count405
\c@listcount=\count406
\c@liststart=\count407
\c@liststop=\count408
\c@citecount=\count409
\c@citetotal=\count410
\c@multicitecount=\count411
\c@multicitetotal=\count412
\c@instcount=\count413
\c@maxnames=\count414
\c@minnames=\count415
\c@maxitems=\count416
\c@minitems=\count417
\c@citecounter=\count418
\c@maxcitecounter=\count419
\c@savedcitecounter=\count420
\c@uniquelist=\count421
\c@uniquename=\count422
\c@refsection=\count423
\c@refsegment=\count424
\c@maxextratitle=\count425
\c@maxextratitleyear=\count426
\c@maxextraname=\count427
\c@maxextradate=\count428
\c@maxextraalpha=\count429
\c@abbrvpenalty=\count430
\c@highnamepenalty=\count431
\c@lownamepenalty=\count432
\c@maxparens=\count433
\c@parenlevel=\count434
\blx@tempcnta=\count435
\blx@tempcntb=\count436
\blx@tempcntc=\count437
\c@blx@maxsection=\count438
\blx@maxsegment@0=\count439
\blx@notetype=\count440
\blx@parenlevel@text=\count441
\blx@parenlevel@foot=\count442
\blx@sectionciteorder@0=\count443
\blx@sectionciteorderinternal@0=\count444
\blx@entrysetcounter=\count445
\blx@biblioinstance=\count446
\labelnumberwidth=\skip112
\labelalphawidth=\skip113
\biblabelsep=\skip114
\bibitemsep=\skip115
\bibnamesep=\skip116
\bibinitsep=\skip117
\bibparsep=\skip118
\bibhang=\skip119
\blx@bcfin=\read4
\blx@bcfout=\write5
\blx@langwohyphens=\language91
\c@mincomprange=\count447
\c@maxcomprange=\count448
\c@mincompwidth=\count449
Package biblatex Info: Trying to load biblatex default data model...
Package biblatex Info: ... file 'blx-dm.def' found.
 (/opt/homebrew/Cellar/texlive/20260301/share/texmf-dist/tex/latex/biblatex/blx-dm.def
File: blx-dm.def 2025/07/10 v3.21 biblatex datamodel (PK/MW)
)
Package biblatex Info: Trying to load biblatex style data model...
Package biblatex Info: ... file 'ieee.dbx' not found.
Package biblatex Info: Trying to load biblatex custom data model...
Package biblatex Info: ... file 'biblatex-dm.cfg' not found.
\c@afterword=\count450
\c@savedafterword=\count451
\c@annotator=\count452
\c@savedannotator=\count453
\c@author=\count454
\c@savedauthor=\count455
\c@bookauthor=\count456
\c@savedbookauthor=\count457
\c@commentator=\count458
\c@savedcommentator=\count459
\c@editor=\count460
\c@savededitor=\count461
\c@editora=\count462
\c@savededitora=\count463
\c@editorb=\count464
\c@savededitorb=\count465
\c@editorc=\count466
\c@savededitorc=\count467
\c@foreword=\count468
\c@savedforeword=\count469
\c@holder=\count470
\c@savedholder=\count471
\c@introduction=\count472
\c@savedintroduction=\count473
\c@namea=\count474
\c@savednamea=\count475
\c@nameb=\count476
\c@savednameb=\count477
\c@namec=\count478
\c@savednamec=\count479
\c@translator=\count480
\c@savedtranslator=\count481
\c@shortauthor=\count482
\c@savedshortauthor=\count483
\c@shorteditor=\count484
\c@savedshorteditor=\count485
\c@labelname=\count486
\c@savedlabelname=\count487
\c@institution=\count488
\c@savedinstitution=\count489
\c@lista=\count490
\c@savedlista=\count491
\c@listb=\count492
\c@savedlistb=\count493
\c@listc=\count494
\c@savedlistc=\count495
\c@listd=\count496
\c@savedlistd=\count497
\c@liste=\count498
\c@savedliste=\count499
\c@listf=\count500
\c@savedlistf=\count501
\c@location=\count502
\c@savedlocation=\count503
\c@organization=\count504
\c@savedorganization=\count505
\c@origlocation=\count506
\c@savedoriglocation=\count507
\c@origpublisher=\count508
\c@savedorigpublisher=\count509
\c@publisher=\count510
\c@savedpublisher=\count511
\c@language=\count512
\c@savedlanguage=\count513
\c@origlanguage=\count514
\c@savedoriglanguage=\count515
\c@pageref=\count516
\c@savedpageref=\count517
\shorthandwidth=\skip120
\shortjournalwidth=\skip121
\shortserieswidth=\skip122
\shorttitlewidth=\skip123
\shortauthorwidth=\skip124
\shorteditorwidth=\skip125
\locallabelnumberwidth=\skip126
\locallabelalphawidth=\skip127
\localshorthandwidth=\skip128
\localshortjournalwidth=\skip129
\localshortserieswidth=\skip130
\localshorttitlewidth=\skip131
\localshortauthorwidth=\skip132
\localshorteditorwidth=\skip133
Package biblatex Info: Trying to load compatibility code...
Package biblatex Info: ... file 'blx-compat.def' found.
 (/opt/homebrew/Cellar/texlive/20260301/share/texmf-dist/tex/latex/biblatex/blx-compat.def
File: blx-compat.def 2025/07/10 v3.21 biblatex compatibility (PK/MW)
)
Package biblatex Info: Trying to load BibTeX backend compatibility...
Package biblatex Info: ... file 'blx-bibtex.def' found.
 (/opt/homebrew/Cellar/texlive/20260301/share/texmf-dist/tex/latex/biblatex/blx-bibtex.def
File: blx-bibtex.def 2025/07/10 v3.21 biblatex compatibility (PK/MW)


Package biblatex Warning: Using fall-back bibtex backend:
(biblatex)                functionality may be reduced/unavailable.

)
Package biblatex Info: Trying to load generic definitions...
Package biblatex Info: ... file 'biblatex.def' found.
 (/opt/homebrew/Cellar/texlive/20260301/share/texmf-dist/tex/latex/biblatex/biblatex.def
File: biblatex.def 2025/07/10 v3.21 biblatex compatibility (PK/MW)
\c@textcitecount=\count518
\c@textcitetotal=\count519
\c@textcitemaxnames=\count520
\c@biburlbigbreakpenalty=\count521
\c@biburlbreakpenalty=\count522
\c@biburlnumpenalty=\count523
\c@biburlucpenalty=\count524
\c@biburllcpenalty=\count525
\biburlbigskip=\muskip19
\biburlnumskip=\muskip20
\biburlucskip=\muskip21
\biburllcskip=\muskip22
\c@smartand=\count526
)
Package biblatex Info: Trying to load bibliography style 'ieee'...
Package biblatex Info: ... file 'ieee.bbx' found.
 (/opt/homebrew/Cellar/texlive/20260301/share/texmf-dist/tex/latex/biblatex-ieee/ieee.bbx
File: ieee.bbx 2025-08-01 v1.4f biblatex bibliography style
Package biblatex Info: Trying to load bibliography style 'numeric-comp'...
Package biblatex Info: ... file 'numeric-comp.bbx' found.
 (/opt/homebrew/Cellar/texlive/20260301/share/texmf-dist/tex/latex/biblatex/bbx/numeric-comp.bbx
File: numeric-comp.bbx 2025/07/10 v3.21 biblatex bibliography style (PK/MW)
Package biblatex Info: Trying to load bibliography style 'numeric'...
Package biblatex Info: ... file 'numeric.bbx' found.
 (/opt/homebrew/Cellar/texlive/20260301/share/texmf-dist/tex/latex/biblatex/bbx/numeric.bbx
File: numeric.bbx 2025/07/10 v3.21 biblatex bibliography style (PK/MW)
Package biblatex Info: Trying to load bibliography style 'standard'...
Package biblatex Info: ... file 'standard.bbx' found.
 (/opt/homebrew/Cellar/texlive/20260301/share/texmf-dist/tex/latex/biblatex/bbx/standard.bbx
File: standard.bbx 2025/07/10 v3.21 biblatex bibliography style (PK/MW)
\c@bbx:relatedcount=\count527
\c@bbx:relatedtotal=\count528
))))
Package biblatex Info: Trying to load citation style 'ieee'...
Package biblatex Info: ... file 'ieee.cbx' found.
 (/opt/homebrew/Cellar/texlive/20260301/share/texmf-dist/tex/latex/biblatex-ieee/ieee.cbx
File: ieee.cbx 2025-08-01 v1.4f biblatex citation style
Package biblatex Info: Trying to load citation style 'numeric-verb'...
Package biblatex Info: ... file 'numeric-verb.cbx' found.
 (/opt/homebrew/Cellar/texlive/20260301/share/texmf-dist/tex/latex/biblatex/cbx/numeric-verb.cbx
File: numeric-verb.cbx 2025/07/10 v3.21 biblatex citation style (PK/MW)
Package biblatex Info: Redefining '\cite'.
Package biblatex Info: Redefining '\parencite'.
Package biblatex Info: Redefining '\footcite'.
Package biblatex Info: Redefining '\footcitetext'.
Package biblatex Info: Redefining '\smartcite'.
Package biblatex Info: Redefining '\textcite'.
Package biblatex Info: Redefining '\supercite'.
Package biblatex Info: Redefining '\parencites'.
Package biblatex Info: Redefining '\smartcites'.
Package biblatex Info: Redefining '\textcites'.
))
Package biblatex Info: Trying to load configuration file...
Package biblatex Info: ... file 'biblatex.cfg' found.
 (/opt/homebrew/Cellar/texlive/20260301/share/texmf-dist/tex/latex/biblatex/biblatex.cfg
File: biblatex.cfg 
)
Package biblatex Info: Input encoding 'utf8' detected.
Package biblatex Info: Document encoding is UTF8 ....
 (/opt/homebrew/Cellar/texlive/20260301/share/texmf-dist/tex/latex/l3kernel/expl3.sty
Package: expl3 2026-01-19 L3 programming layer (loader) 
 (/opt/homebrew/Cellar/texlive/20260301/share/texmf-dist/tex/latex/l3backend/l3backend-pdftex.def
File: l3backend-pdftex.def 2025-10-09 L3 backend support: PDF output (pdfTeX)
\l__color_backend_stack_int=\count529
))
Package biblatex Info: ... and expl3
(biblatex)             2026-01-19 L3 programming layer (loader) 
(biblatex)             is new enough (at least 2020/04/06),
(biblatex)             setting 'casechanger=expl3'.
 (/opt/homebrew/Cellar/texlive/20260301/share/texmf-dist/tex/latex/biblatex/blx-case-expl3.sty (/opt/homebrew/Cellar/texlive/20260301/share/texmf-dist/tex/latex/l3packages/xparse/xparse.sty
Package: xparse 2025-10-09 L3 Experimental document command parser
)
Package: blx-case-expl3 2025/07/10 v3.21 expl3 case changing code for biblatex
))

LaTeX Warning: \include should only be used after \begin{document} on input line 166.

No file lstlisting.
(./Tu_viet_tat.tex) (/opt/homebrew/Cellar/texlive/20260301/share/texmf-dist/tex/latex/hyperref/hyperref.sty
Package: hyperref 2026-01-29 v7.01p Hypertext links for LaTeX
 (/opt/homebrew/Cellar/texlive/20260301/share/texmf-dist/tex/generic/kvdefinekeys/kvdefinekeys.sty
Package: kvdefinekeys 2019-12-19 v1.6 Define keys (HO)
) (/opt/homebrew/Cellar/texlive/20260301/share/texmf-dist/tex/generic/pdfescape/pdfescape.sty
Package: pdfescape 2019/12/09 v1.15 Implements pdfTeX's escape features (HO)
) (/opt/homebrew/Cellar/texlive/20260301/share/texmf-dist/tex/latex/hycolor/hycolor.sty
Package: hycolor 2020-01-27 v1.10 Color options for hyperref/bookmark (HO)
) (/opt/homebrew/Cellar/texlive/20260301/share/texmf-dist/tex/latex/hyperref/nameref.sty
Package: nameref 2026-01-29 v2.58 Cross-referencing by name of section
 (/opt/homebrew/Cellar/texlive/20260301/share/texmf-dist/tex/latex/refcount/refcount.sty
Package: refcount 2019/12/15 v3.6 Data extraction from label references (HO)
) (/opt/homebrew/Cellar/texlive/20260301/share/texmf-dist/tex/generic/gettitlestring/gettitlestring.sty
Package: gettitlestring 2019/12/15 v1.6 Cleanup title references (HO)
)
\c@section@level=\count530
) (/opt/homebrew/Cellar/texlive/20260301/share/texmf-dist/tex/generic/stringenc/stringenc.sty
Package: stringenc 2019/11/29 v1.12 Convert strings between diff. encodings (HO)
)
\@linkdim=\dimen295
\Hy@linkcounter=\count531
\Hy@pagecounter=\count532
 (/opt/homebrew/Cellar/texlive/20260301/share/texmf-dist/tex/latex/hyperref/pd1enc.def
File: pd1enc.def 2026-01-29 v7.01p Hyperref: PDFDocEncoding definition (HO)
Now handling font encoding PD1 ...
... no UTF-8 mapping file for font encoding PD1
) (/opt/homebrew/Cellar/texlive/20260301/share/texmf-dist/tex/generic/intcalc/intcalc.sty
Package: intcalc 2019/12/15 v1.3 Expandable calculations with integers (HO)
)
\Hy@SavedSpaceFactor=\count533
 (/opt/homebrew/Cellar/texlive/20260301/share/texmf-dist/tex/latex/hyperref/puenc.def
File: puenc.def 2026-01-29 v7.01p Hyperref: PDF Unicode definition (HO)
Now handling font encoding PU ...
... no UTF-8 mapping file for font encoding PU
)
Package hyperref Info: Hyper figures OFF on input line 4201.
Package hyperref Info: Link nesting OFF on input line 4206.
Package hyperref Info: Hyper index ON on input line 4209.
Package hyperref Info: Plain pages OFF on input line 4216.
Package hyperref Info: Backreferencing OFF on input line 4221.
Package hyperref Info: Implicit mode ON; LaTeX internals redefined.
Package hyperref Info: Bookmarks ON on input line 4468.
\c@Hy@tempcnt=\count534
LaTeX Info: Redefining \url on input line 4807.
\XeTeXLinkMargin=\dimen296
 (/opt/homebrew/Cellar/texlive/20260301/share/texmf-dist/tex/generic/bitset/bitset.sty
Package: bitset 2019/12/09 v1.3 Handle bit-vector datatype (HO)
 (/opt/homebrew/Cellar/texlive/20260301/share/texmf-dist/tex/generic/bigintcalc/bigintcalc.sty
Package: bigintcalc 2019/12/15 v1.5 Expandable calculations on big integers (HO)
))
\Fld@menulength=\count535
\Field@Width=\dimen297
\Fld@charsize=\dimen298
Package hyperref Info: Hyper figures OFF on input line 6084.
Package hyperref Info: Link nesting OFF on input line 6089.
Package hyperref Info: Hyper index ON on input line 6092.
Package hyperref Info: backreferencing OFF on input line 6099.
Package hyperref Info: Link coloring OFF on input line 6104.
Package hyperref Info: Link coloring with OCG OFF on input line 6109.
Package hyperref Info: PDF/A mode OFF on input line 6114.
\Hy@abspage=\count536
\c@Item=\count537
\c@Hfootnote=\count538
)
Package hyperref Info: Driver (autodetected): hpdftex.
 (/opt/homebrew/Cellar/texlive/20260301/share/texmf-dist/tex/latex/hyperref/hpdftex.def
File: hpdftex.def 2026-01-29 v7.01p Hyperref driver for pdfTeX
\Fld@listcount=\count539
\c@bookmark@seq@number=\count540
 (/opt/homebrew/Cellar/texlive/20260301/share/texmf-dist/tex/latex/rerunfilecheck/rerunfilecheck.sty
Package: rerunfilecheck 2025-06-21 v1.11 Rerun checks for auxiliary files (HO)
 (/opt/homebrew/Cellar/texlive/20260301/share/texmf-dist/tex/generic/uniquecounter/uniquecounter.sty
Package: uniquecounter 2019/12/15 v1.4 Provide unlimited unique counter (HO)
)
Package uniquecounter Info: New unique counter `rerunfilecheck' on input line 284.
)
\Hy@SectionHShift=\skip134
) (/opt/homebrew/Cellar/texlive/20260301/share/texmf-dist/tex/latex/hypcap/hypcap.sty
Package: hypcap 2024-07-26 v1.13 Adjusting the anchors of captions (HO)
 (/opt/homebrew/Cellar/texlive/20260301/share/texmf-dist/tex/latex/letltxmacro/letltxmacro.sty
Package: letltxmacro 2019/12/03 v1.6 Let assignment for LaTeX macros (HO)
))
\c@example=\count541
\@quotelevel=\count542
\@quotereset=\count543
LaTeX Font Info:    Trying to load font information for T5+ptm on input line 268.
 (/opt/homebrew/Cellar/texlive/20260301/share/texmf-dist/tex/latex/vntex/t5ptm.fd
File: t5utm.fd 2005/08/24 Fontinst v1.929 font definitions for T5/ptm.
)

LaTeX Warning: Unused global option(s):
    [13pt,3p].

(out/DoAn.aux
\g__glossaries_gls_ref_acronym_int=\count544


LaTeX Warning: Label `fig:hust-dashboard' multiply defined.


LaTeX Warning: Label `fig:hust-dashboard' multiply defined.


LaTeX Warning: Label `fig:hust-dashboard' multiply defined.


LaTeX Warning: Label `fig:hust-ner-workflow' multiply defined.


LaTeX Warning: Label `tab:llm_comparison' multiply defined.


LaTeX Warning: Label `fig:sequence-text-to-speech' multiply defined.


LaTeX Warning: Label `fig:sequence-text-to-speech' multiply defined.


LaTeX Warning: Label `fig:hust-test-login-success' multiply defined.


LaTeX Warning: Label `fig:hust-test-login-success' multiply defined.


LaTeX Warning: Label `fig:hust-test-chat-success' multiply defined.


LaTeX Warning: Label `fig:hust-test-chat-success' multiply defined.


LaTeX Warning: Label `fig:hust-test-chat-success' multiply defined.


LaTeX Warning: Label `fig:hust-test-chat-success' multiply defined.

)
\openout1 = `DoAn.aux'.

LaTeX Font Info:    Checking defaults for OML/cmm/m/it on input line 268.
LaTeX Font Info:    ... okay on input line 268.
LaTeX Font Info:    Checking defaults for OMS/cmsy/m/n on input line 268.
LaTeX Font Info:    ... okay on input line 268.
LaTeX Font Info:    Checking defaults for OT1/cmr/m/n on input line 268.
LaTeX Font Info:    ... okay on input line 268.
LaTeX Font Info:    Checking defaults for T1/cmr/m/n on input line 268.
LaTeX Font Info:    ... okay on input line 268.
LaTeX Font Info:    Checking defaults for TS1/cmr/m/n on input line 268.
LaTeX Font Info:    ... okay on input line 268.
LaTeX Font Info:    Checking defaults for OMX/cmex/m/n on input line 268.
LaTeX Font Info:    ... okay on input line 268.
LaTeX Font Info:    Checking defaults for U/cmr/m/n on input line 268.
LaTeX Font Info:    ... okay on input line 268.
LaTeX Font Info:    Checking defaults for T5/cmr/m/n on input line 268.
LaTeX Font Info:    ... okay on input line 268.
LaTeX Font Info:    Checking defaults for PD1/pdf/m/n on input line 268.
LaTeX Font Info:    ... okay on input line 268.
LaTeX Font Info:    Checking defaults for PU/pdf/m/n on input line 268.
LaTeX Font Info:    ... okay on input line 268.

*geometry* driver: auto-detecting
*geometry* detected driver: pdftex
*geometry* verbose mode - [ preamble ] result:
* driver: pdftex
* paper: a4paper
* layout: <same size as paper>
* layoutoffset:(h,v)=(0.0pt,0.0pt)
* modes: twoside 
* h-part:(L,W,R)=(99.58464pt, 426.79135pt, 71.13188pt)
* v-part:(T,H,B)=(56.9055pt, 731.23584pt, 56.9055pt)
* \paperwidth=597.50787pt
* \paperheight=845.04684pt
* \textwidth=426.79135pt
* \textheight=731.23584pt
* \oddsidemargin=27.31465pt
* \evensidemargin=-1.1381pt
* \topmargin=-52.36449pt
* \headheight=10.0pt
* \headsep=25.0pt
* \topskip=10.0pt
* \footskip=30.0pt
* \marginparwidth=111.0pt
* \marginparsep=11.0pt
* \columnsep=10.0pt
* \skip\footins=11.69997pt plus 5.19942pt minus 2.60054pt
* \hoffset=0.0pt
* \voffset=0.0pt
* \mag=1000
* \@twocolumnfalse
* \@twosidetrue
* \@mparswitchtrue
* \@reversemarginfalse
* (1in=72.27pt=25.4mm, 1cm=28.453pt)

(/opt/homebrew/Cellar/texlive/20260301/share/texmf-dist/tex/context/base/mkii/supp-pdf.mkii
[Loading MPS to PDF converter (version 2006.09.02).]
\scratchcounter=\count545
\scratchdimen=\dimen299
\scratchbox=\box90
\nofMPsegments=\count546
\nofMParguments=\count547
\everyMPshowfont=\toks58
\MPscratchCnt=\count548
\MPscratchDim=\dimen300
\MPnumerator=\count549
\makeMPintoPDFobject=\count550
\everyMPtoPDFconversion=\toks59
) (/opt/homebrew/Cellar/texlive/20260301/share/texmf-dist/tex/latex/epstopdf-pkg/epstopdf-base.sty
Package: epstopdf-base 2020-01-24 v2.11 Base part for package epstopdf
 (/opt/homebrew/Cellar/texlive/20260301/share/texmf-dist/tex/latex/grfext/grfext.sty
Package: grfext 2019/12/03 v1.3 Manage graphics extensions (HO)
)
Package epstopdf-base Info: Redefining graphics rule for `.eps' on input line 485.
Package grfext Info: Graphics extension search list:
(grfext)             [.pdf,.png,.jpg,.mps,.jpeg,.jbig2,.jb2,.PDF,.PNG,.JPG,.JPEG,.JBIG2,.JB2,.eps]
(grfext)             \AppendGraphicsExtensions on input line 504.
 (/opt/homebrew/Cellar/texlive/20260301/share/texmf-dist/tex/latex/latexconfig/epstopdf-sys.cfg
File: epstopdf-sys.cfg 2010/07/13 v1.3 Configuration of (r)epstopdf for TeX Live
))
Package caption Info: Begin \AtBeginDocument code.
Package caption Info: float package is loaded.
Package caption Info: hyperref package is loaded.
Package caption Info: hypcap package is loaded.
Package caption Info: listings package is loaded.
Package caption Info: longtable package is loaded.
 (/opt/homebrew/Cellar/texlive/20260301/share/texmf-dist/tex/latex/caption/ltcaption.sty
Package: ltcaption 2021/01/08 v1.4c longtable captions (AR)
)
Package caption Info: supertabular package is loaded.
Package caption Info: End \AtBeginDocument code.
\c@lstlisting=\count551
Package tocbasic Info: omitting babel extension for `lol'
(tocbasic)             because of missing \bbl@set@language on input line 268.
Package biblatex Info: Trying to load language 'english'...
Package biblatex Info: ... file 'english.lbx' found.
 (/opt/homebrew/Cellar/texlive/20260301/share/texmf-dist/tex/latex/biblatex/lbx/english.lbx
File: english.lbx 2025/07/10 v3.21 biblatex localization (PK/MW)
)
Package biblatex Info: Input encoding 'utf8' detected.
Package biblatex Info: Automatic encoding selection.
(biblatex)             Assuming data encoding 'utf8'.
Package biblatex Info: Input encoding 'utf8' detected.
Package biblatex Info: Data encoding 'utf8' specified.
(biblatex)             No need to reencode data.
\openout5 = `DoAn-blx.bib'.

Package biblatex Info: Trying to load bibliographic data...
Package biblatex Info: ... file 'DoAn.bbl' found.
 (out/DoAn.bbl)
Package biblatex Info: Reference section=0 on input line 268.
Package biblatex Info: Reference segment=0 on input line 268.
Package hyperref Info: Link coloring OFF on input line 268.
 (out/DoAn.out) (out/DoAn.out)
\@outlinefile=\write6
\openout6 = `DoAn.out'.

 (./Bia.tex
LaTeX Font Info:    Calculating math sizes for size <13> on input line 29.


LaTeX Font Warning: Font shape `OT1/cmr/m/n' in size <6.5> not available
(Font)              size <6> substituted on input line 29.


LaTeX Font Warning: Font shape `OML/cmm/m/it' in size <13> not available
(Font)              size <12> substituted on input line 29.


LaTeX Font Warning: Font shape `OML/cmm/m/it' in size <6.5> not available
(Font)              size <6> substituted on input line 29.


LaTeX Font Warning: Font shape `OMS/cmsy/m/n' in size <13> not available
(Font)              size <12> substituted on input line 29.


LaTeX Font Warning: Font shape `OMS/cmsy/m/n' in size <6.5> not available
(Font)              size <6> substituted on input line 29.

LaTeX Font Info:    Trying to load font information for U+lasy on input line 29.
(/opt/homebrew/Cellar/texlive/20260301/share/texmf-dist/tex/latex/base/ulasy.fd
File: ulasy.fd 1998/08/17 v2.2e LaTeX symbol font definitions
)

LaTeX Font Warning: Font shape `U/lasy/m/n' in size <13> not available
(Font)              size <12> substituted on input line 29.


LaTeX Font Warning: Font shape `U/lasy/m/n' in size <6.5> not available
(Font)              size <6> substituted on input line 29.

LaTeX Font Info:    Trying to load font information for U+msa on input line 29.
(/opt/homebrew/Cellar/texlive/20260301/share/texmf-dist/tex/latex/amsfonts/umsa.fd
File: umsa.fd 2013/01/14 v3.01 AMS symbols A
)
LaTeX Font Info:    Trying to load font information for U+msb on input line 29.
 (/opt/homebrew/Cellar/texlive/20260301/share/texmf-dist/tex/latex/amsfonts/umsb.fd
File: umsb.fd 2013/01/14 v3.01 AMS symbols B
) [1

{/opt/homebrew/Cellar/texlive/20260301/share/texmf-dist/fonts/map/pdftex/updmap/pdftex.map}{/opt/homebrew/Cellar/texlive/20260301/share/texmf-dist/fonts/enc/dvips/vntex/t5.enc}]) (./Chuong/0_2_Loi_cam_on.tex
Underfull \hbox (badness 10000) in paragraph at lines 8--12

 []


Underfull \hbox (badness 10000) in paragraph at lines 8--12

 []


Underfull \hbox (badness 10000) in paragraph at lines 8--12

 []


Underfull \hbox (badness 10000) in paragraph at lines 8--12

 []

) [1] (./Chuong/0_3_Tom_tat_noi_dung.tex)
pdfTeX warning (ext4): destination with the same identifier (name{page.}) has been already used, duplicate ignored
<to be read again> 
                   \relax 
l.288 \newpage
               [1] (out/DoAn.toc
Underfull \vbox (badness 10000) has occurred while \output is active []

 [1

]
Underfull \vbox (badness 10000) has occurred while \output is active []

 [2]
Underfull \vbox (badness 10000) has occurred while \output is active []

 [3]
Underfull \vbox (badness 10000) has occurred while \output is active []

 [4]
Underfull \vbox (badness 10000) has occurred while \output is active []

 [5])
\tf@toc=\write7
\openout7 = `DoAn.toc'.

 [6] (out/DoAn.lof [7


])
\tf@lof=\write8
\openout8 = `DoAn.lof'.

 [8] (out/DoAn.lot [9


])
\tf@lot=\write9
\openout9 = `DoAn.lot'.



Package glossaries Warning: Empty glossary for \printnoidxglossary[type={main}]. Rerun may be required (or you may have forgotten to use commands like \gls) on input line 350.


Package glossaries Info: Preparing to sort glossary `acronym' (total number of
(glossaries)             referenced entries: 17)

[10] [11


]
Ch\uhorn \ohorn ng 1.
(./Chuong/1_Gioi_thieu.tex
<Hinhve/chuong_1/trang-chu-hust.png, id=1114, 1509.64pt x 909.3975pt>
File: Hinhve/chuong_1/trang-chu-hust.png Graphic file (type png)
<use Hinhve/chuong_1/trang-chu-hust.png>
Package pdftex.def Info: Hinhve/chuong_1/trang-chu-hust.png  used on input line 9.
(pdftex.def)             Requested size: 426.79135pt x 257.08566pt.

pdfTeX warning (ext4): destination with the same identifier (name{page.1}) has been already used, duplicate ignored
<to be read again> 
                   \relax 
l.16 
      [1

 <./Hinhve/chuong_1/trang-chu-hust.png>]
<Hinhve/chuong_1/trang-tra-cuu-hoc-phan-hust.png, id=1120, 1516.66624pt x 906.38625pt>
File: Hinhve/chuong_1/trang-tra-cuu-hoc-phan-hust.png Graphic file (type png)
<use Hinhve/chuong_1/trang-tra-cuu-hoc-phan-hust.png>
Package pdftex.def Info: Hinhve/chuong_1/trang-tra-cuu-hoc-phan-hust.png  used on input line 21.
(pdftex.def)             Requested size: 426.79135pt x 255.0588pt.

Underfull \vbox (badness 1132) has occurred while \output is active []



Package fancyhdr Warning: \headheight is too small (10.0pt): 
(fancyhdr)                Make it at least 17.97902pt, for example:
(fancyhdr)                \setlength{\headheight}{17.97902pt}.
(fancyhdr)                You might also make \topmargin smaller:
(fancyhdr)                \addtolength{\topmargin}{-7.97902pt}.

[2 <./Hinhve/chuong_1/trang-tra-cuu-hoc-phan-hust.png>]
Underfull \vbox (badness 10000) has occurred while \output is active []



Package fancyhdr Warning: \headheight is too small (10.0pt): 
(fancyhdr)                Make it at least 17.97902pt, for example:
(fancyhdr)                \setlength{\headheight}{17.97902pt}.
(fancyhdr)                You might also make \topmargin smaller:
(fancyhdr)                \addtolength{\topmargin}{-7.97902pt}.

[3]
LaTeX Font Info:    Trying to load font information for TS1+ptm on input line 61.
 (/opt/homebrew/Cellar/texlive/20260301/share/texmf-dist/tex/latex/psnfss/ts1ptm.fd
File: ts1ptm.fd 2001/06/04 font definitions for TS1/ptm.
)
Underfull \vbox (badness 10000) has occurred while \output is active []



Package fancyhdr Warning: \headheight is too small (10.0pt): 
(fancyhdr)                Make it at least 17.97902pt, for example:
(fancyhdr)                \setlength{\headheight}{17.97902pt}.
(fancyhdr)                You might also make \topmargin smaller:
(fancyhdr)                \addtolength{\topmargin}{-7.97902pt}.

[4{/opt/homebrew/Cellar/texlive/20260301/share/texmf-dist/fonts/enc/dvips/base/8r.enc}]
Underfull \vbox (badness 10000) has occurred while \output is active []



Package fancyhdr Warning: \headheight is too small (10.0pt): 
(fancyhdr)                Make it at least 17.97902pt, for example:
(fancyhdr)                \setlength{\headheight}{17.97902pt}.
(fancyhdr)                You might also make \topmargin smaller:
(fancyhdr)                \addtolength{\topmargin}{-7.97902pt}.

[5])

Package fancyhdr Warning: \headheight is too small (10.0pt): 
(fancyhdr)                Make it at least 17.97902pt, for example:
(fancyhdr)                \setlength{\headheight}{17.97902pt}.
(fancyhdr)                You might also make \topmargin smaller:
(fancyhdr)                \addtolength{\topmargin}{-7.97902pt}.

[6]
Ch\uhorn \ohorn ng 2.
(./Chuong/2_Co_so_ly_thuyet.tex
Underfull \vbox (badness 10000) has occurred while \output is active []

 [7

]
<Hinhve/chuong_2/lich-su-hinh-thanh-cua-chat-bot.png, id=1149, 1175.39125pt x 1739.49875pt>
File: Hinhve/chuong_2/lich-su-hinh-thanh-cua-chat-bot.png Graphic file (type png)
<use Hinhve/chuong_2/lich-su-hinh-thanh-cua-chat-bot.png>
Package pdftex.def Info: Hinhve/chuong_2/lich-su-hinh-thanh-cua-chat-bot.png  used on input line 22.
(pdftex.def)             Requested size: 222.34023pt x 329.04836pt.


Package fancyhdr Warning: \headheight is too small (10.0pt): 
(fancyhdr)                Make it at least 17.97902pt, for example:
(fancyhdr)                \setlength{\headheight}{17.97902pt}.
(fancyhdr)                You might also make \topmargin smaller:
(fancyhdr)                \addtolength{\topmargin}{-7.97902pt}.

[8 <./Hinhve/chuong_2/lich-su-hinh-thanh-cua-chat-bot.png>]
<Hinhve/chuong_2/rule-based-chatbot.png, id=1155, 1533.73pt x 2336.73pt>
File: Hinhve/chuong_2/rule-based-chatbot.png Graphic file (type png)
<use Hinhve/chuong_2/rule-based-chatbot.png>
Package pdftex.def Info: Hinhve/chuong_2/rule-based-chatbot.png  used on input line 38.
(pdftex.def)             Requested size: 215.96109pt x 329.02972pt.


Package fancyhdr Warning: \headheight is too small (10.0pt): 
(fancyhdr)                Make it at least 17.97902pt, for example:
(fancyhdr)                \setlength{\headheight}{17.97902pt}.
(fancyhdr)                You might also make \topmargin smaller:
(fancyhdr)                \addtolength{\topmargin}{-7.97902pt}.

[9 <./Hinhve/chuong_2/rule-based-chatbot.png>]
<Hinhve/chuong_2/rule-ai-chatbot.png, id=1161, 1200.485pt x 3308.36pt>
File: Hinhve/chuong_2/rule-ai-chatbot.png Graphic file (type png)
<use Hinhve/chuong_2/rule-ai-chatbot.png>
Package pdftex.def Info: Hinhve/chuong_2/rule-ai-chatbot.png  used on input line 55.
(pdftex.def)             Requested size: 119.39609pt x 329.03806pt.


Package fancyhdr Warning: \headheight is too small (10.0pt): 
(fancyhdr)                Make it at least 17.97902pt, for example:
(fancyhdr)                \setlength{\headheight}{17.97902pt}.
(fancyhdr)                You might also make \topmargin smaller:
(fancyhdr)                \addtolength{\topmargin}{-7.97902pt}.

[10 <./Hinhve/chuong_2/rule-ai-chatbot.png>]
<Hinhve/chuong_2/nlp-work-flow.png, id=1167, 995.72pt x 2882.77pt>
File: Hinhve/chuong_2/nlp-work-flow.png Graphic file (type png)
<use Hinhve/chuong_2/nlp-work-flow.png>
Package pdftex.def Info: Hinhve/chuong_2/nlp-work-flow.png  used on input line 75.
(pdftex.def)             Requested size: 113.64696pt x 329.02629pt.


Package fancyhdr Warning: \headheight is too small (10.0pt): 
(fancyhdr)                Make it at least 17.97902pt, for example:
(fancyhdr)                \setlength{\headheight}{17.97902pt}.
(fancyhdr)                You might also make \topmargin smaller:
(fancyhdr)                \addtolength{\topmargin}{-7.97902pt}.

[11 <./Hinhve/chuong_2/nlp-work-flow.png>]
<Hinhve/chuong_2/workflow-ner.png, id=1174, 2726.185pt x 3083.52pt>
File: Hinhve/chuong_2/workflow-ner.png Graphic file (type png)
<use Hinhve/chuong_2/workflow-ner.png>
Package pdftex.def Info: Hinhve/chuong_2/workflow-ner.png  used on input line 97.
(pdftex.def)             Requested size: 290.89607pt x 329.0253pt.

Underfull \vbox (badness 10000) has occurred while \output is active []



Package fancyhdr Warning: \headheight is too small (10.0pt): 
(fancyhdr)                Make it at least 17.97902pt, for example:
(fancyhdr)                \setlength{\headheight}{17.97902pt}.
(fancyhdr)                You might also make \topmargin smaller:
(fancyhdr)                \addtolength{\topmargin}{-7.97902pt}.

[12]

Package fancyhdr Warning: \headheight is too small (10.0pt): 
(fancyhdr)                Make it at least 17.97902pt, for example:
(fancyhdr)                \setlength{\headheight}{17.97902pt}.
(fancyhdr)                You might also make \topmargin smaller:
(fancyhdr)                \addtolength{\topmargin}{-7.97902pt}.

[13 <./Hinhve/chuong_2/workflow-ner.png>]
Underfull \vbox (badness 10000) has occurred while \output is active []



Package fancyhdr Warning: \headheight is too small (10.0pt): 
(fancyhdr)                Make it at least 17.97902pt, for example:
(fancyhdr)                \setlength{\headheight}{17.97902pt}.
(fancyhdr)                You might also make \topmargin smaller:
(fancyhdr)                \addtolength{\topmargin}{-7.97902pt}.

[14]
Overfull \hbox (21.54718pt too wide) in paragraph at lines 154--172
 [][] 
 []


Underfull \vbox (badness 10000) has occurred while \output is active []



Package fancyhdr Warning: \headheight is too small (10.0pt): 
(fancyhdr)                Make it at least 17.97902pt, for example:
(fancyhdr)                \setlength{\headheight}{17.97902pt}.
(fancyhdr)                You might also make \topmargin smaller:
(fancyhdr)                \addtolength{\topmargin}{-7.97902pt}.

[15]
Underfull \vbox (badness 10000) has occurred while \output is active []



Package fancyhdr Warning: \headheight is too small (10.0pt): 
(fancyhdr)                Make it at least 17.97902pt, for example:
(fancyhdr)                \setlength{\headheight}{17.97902pt}.
(fancyhdr)                You might also make \topmargin smaller:
(fancyhdr)                \addtolength{\topmargin}{-7.97902pt}.

[16]
<Hinhve/chuong_2/workflow-vector-database.png, id=1196, 2160.07pt x 5472.445pt>
File: Hinhve/chuong_2/workflow-vector-database.png Graphic file (type png)
<use Hinhve/chuong_2/workflow-vector-database.png>
Package pdftex.def Info: Hinhve/chuong_2/workflow-vector-database.png  used on input line 187.
(pdftex.def)             Requested size: 230.8846pt x 584.93628pt.

Underfull \vbox (badness 1168) has occurred while \output is active []



Package fancyhdr Warning: \headheight is too small (10.0pt): 
(fancyhdr)                Make it at least 17.97902pt, for example:
(fancyhdr)                \setlength{\headheight}{17.97902pt}.
(fancyhdr)                You might also make \topmargin smaller:
(fancyhdr)                \addtolength{\topmargin}{-7.97902pt}.

[17 <./Hinhve/chuong_2/workflow-vector-database.png>]
Underfull \vbox (badness 10000) has occurred while \output is active []



Package fancyhdr Warning: \headheight is too small (10.0pt): 
(fancyhdr)                Make it at least 17.97902pt, for example:
(fancyhdr)                \setlength{\headheight}{17.97902pt}.
(fancyhdr)                You might also make \topmargin smaller:
(fancyhdr)                \addtolength{\topmargin}{-7.97902pt}.

[18]
Overfull \hbox (7.3208pt too wide) in paragraph at lines 215--231
 [][] 
 []


Package fancyhdr Warning: \headheight is too small (10.0pt): 
(fancyhdr)                Make it at least 17.97902pt, for example:
(fancyhdr)                \setlength{\headheight}{17.97902pt}.
(fancyhdr)                You might also make \topmargin smaller:
(fancyhdr)                \addtolength{\topmargin}{-7.97902pt}.

[19]
Underfull \vbox (badness 10000) has occurred while \output is active []



Package fancyhdr Warning: \headheight is too small (10.0pt): 
(fancyhdr)                Make it at least 17.97902pt, for example:
(fancyhdr)                \setlength{\headheight}{17.97902pt}.
(fancyhdr)                You might also make \topmargin smaller:
(fancyhdr)                \addtolength{\topmargin}{-7.97902pt}.

[20]
<Hinhve/chuong_2/pipeline-rag.png, id=1220, 1039.885pt x 5701.3pt>
File: Hinhve/chuong_2/pipeline-rag.png Graphic file (type png)
<use Hinhve/chuong_2/pipeline-rag.png>
Package pdftex.def Info: Hinhve/chuong_2/pipeline-rag.png  used on input line 290.
(pdftex.def)             Requested size: 90.68188pt x 497.17484pt.

Underfull \vbox (badness 10000) has occurred while \output is active []



Package fancyhdr Warning: \headheight is too small (10.0pt): 
(fancyhdr)                Make it at least 17.97902pt, for example:
(fancyhdr)                \setlength{\headheight}{17.97902pt}.
(fancyhdr)                You might also make \topmargin smaller:
(fancyhdr)                \addtolength{\topmargin}{-7.97902pt}.

[21]
Underfull \vbox (badness 10000) has occurred while \output is active []



Package fancyhdr Warning: \headheight is too small (10.0pt): 
(fancyhdr)                Make it at least 17.97902pt, for example:
(fancyhdr)                \setlength{\headheight}{17.97902pt}.
(fancyhdr)                You might also make \topmargin smaller:
(fancyhdr)                \addtolength{\topmargin}{-7.97902pt}.

[22 <./Hinhve/chuong_2/pipeline-rag.png>]
Underfull \vbox (badness 10000) has occurred while \output is active []



Package fancyhdr Warning: \headheight is too small (10.0pt): 
(fancyhdr)                Make it at least 17.97902pt, for example:
(fancyhdr)                \setlength{\headheight}{17.97902pt}.
(fancyhdr)                You might also make \topmargin smaller:
(fancyhdr)                \addtolength{\topmargin}{-7.97902pt}.

[23]
Underfull \vbox (badness 10000) has occurred while \output is active []



Package fancyhdr Warning: \headheight is too small (10.0pt): 
(fancyhdr)                Make it at least 17.97902pt, for example:
(fancyhdr)                \setlength{\headheight}{17.97902pt}.
(fancyhdr)                You might also make \topmargin smaller:
(fancyhdr)                \addtolength{\topmargin}{-7.97902pt}.

[24]
Underfull \vbox (badness 10000) has occurred while \output is active []



Package fancyhdr Warning: \headheight is too small (10.0pt): 
(fancyhdr)                Make it at least 17.97902pt, for example:
(fancyhdr)                \setlength{\headheight}{17.97902pt}.
(fancyhdr)                You might also make \topmargin smaller:
(fancyhdr)                \addtolength{\topmargin}{-7.97902pt}.

[25]
Underfull \vbox (badness 10000) has occurred while \output is active []



Package fancyhdr Warning: \headheight is too small (10.0pt): 
(fancyhdr)                Make it at least 17.97902pt, for example:
(fancyhdr)                \setlength{\headheight}{17.97902pt}.
(fancyhdr)                You might also make \topmargin smaller:
(fancyhdr)                \addtolength{\topmargin}{-7.97902pt}.

[26])

Package fancyhdr Warning: \headheight is too small (10.0pt): 
(fancyhdr)                Make it at least 17.97902pt, for example:
(fancyhdr)                \setlength{\headheight}{17.97902pt}.
(fancyhdr)                You might also make \topmargin smaller:
(fancyhdr)                \addtolength{\topmargin}{-7.97902pt}.

[27]
Ch\uhorn \ohorn ng 3.
(./Chuong/3_Thiet_ke_he_thong.tex
Underfull \vbox (badness 10000) has occurred while \output is active []

 [28

]

Package fancyhdr Warning: \headheight is too small (10.0pt): 
(fancyhdr)                Make it at least 17.97902pt, for example:
(fancyhdr)                \setlength{\headheight}{17.97902pt}.
(fancyhdr)                You might also make \topmargin smaller:
(fancyhdr)                \addtolength{\topmargin}{-7.97902pt}.

[29]

Package fancyhdr Warning: \headheight is too small (10.0pt): 
(fancyhdr)                Make it at least 17.97902pt, for example:
(fancyhdr)                \setlength{\headheight}{17.97902pt}.
(fancyhdr)                You might also make \topmargin smaller:
(fancyhdr)                \addtolength{\topmargin}{-7.97902pt}.

[30]
Overfull \hbox (14.83766pt too wide) in paragraph at lines 78--93
 [][] 
 []


Underfull \vbox (badness 1655) has occurred while \output is active []



Package fancyhdr Warning: \headheight is too small (10.0pt): 
(fancyhdr)                Make it at least 17.97902pt, for example:
(fancyhdr)                \setlength{\headheight}{17.97902pt}.
(fancyhdr)                You might also make \topmargin smaller:
(fancyhdr)                \addtolength{\topmargin}{-7.97902pt}.

[31]
LaTeX Font Info:    Calculating math sizes for size <11.86258> on input line 131.


Package fancyhdr Warning: \headheight is too small (10.0pt): 
(fancyhdr)                Make it at least 17.97902pt, for example:
(fancyhdr)                \setlength{\headheight}{17.97902pt}.
(fancyhdr)                You might also make \topmargin smaller:
(fancyhdr)                \addtolength{\topmargin}{-7.97902pt}.

[32]
Overfull \hbox (14.83766pt too wide) in paragraph at lines 191--199
 [][] 
 []


Package fancyhdr Warning: \headheight is too small (10.0pt): 
(fancyhdr)                Make it at least 17.97902pt, for example:
(fancyhdr)                \setlength{\headheight}{17.97902pt}.
(fancyhdr)                You might also make \topmargin smaller:
(fancyhdr)                \addtolength{\topmargin}{-7.97902pt}.

[33]
<Hinhve/chuong_3/use-case-tong-quan.png, id=1300, 4858.15pt x 3693.8pt>
File: Hinhve/chuong_3/use-case-tong-quan.png Graphic file (type png)
<use Hinhve/chuong_3/use-case-tong-quan.png>
Package pdftex.def Info: Hinhve/chuong_3/use-case-tong-quan.png  used on input line 216.
(pdftex.def)             Requested size: 640.18068pt x 486.74895pt.


Package fancyhdr Warning: \headheight is too small (10.0pt): 
(fancyhdr)                Make it at least 17.97902pt, for example:
(fancyhdr)                \setlength{\headheight}{17.97902pt}.
(fancyhdr)                You might also make \topmargin smaller:
(fancyhdr)                \addtolength{\topmargin}{-7.97902pt}.

[34 <./Hinhve/chuong_3/use-case-tong-quan.png>]
<Hinhve/chuong_3/sequence-diagram-dang-nhap.png, id=1306, 3725.92pt x 2477.255pt>
File: Hinhve/chuong_3/sequence-diagram-dang-nhap.png Graphic file (type png)
<use Hinhve/chuong_3/sequence-diagram-dang-nhap.png>
Package pdftex.def Info: Hinhve/chuong_3/sequence-diagram-dang-nhap.png  used on input line 258.
(pdftex.def)             Requested size: 512.13081pt x 350.97131pt.

Overfull \hbox (85.33946pt too wide) in paragraph at lines 258--259
 [][] 
 []


Package fancyhdr Warning: \headheight is too small (10.0pt): 
(fancyhdr)                Make it at least 17.97902pt, for example:
(fancyhdr)                \setlength{\headheight}{17.97902pt}.
(fancyhdr)                You might also make \topmargin smaller:
(fancyhdr)                \addtolength{\topmargin}{-7.97902pt}.

[35 <./Hinhve/chuong_3/sequence-diagram-dang-nhap.png>]

Package fancyhdr Warning: \headheight is too small (10.0pt): 
(fancyhdr)                Make it at least 17.97902pt, for example:
(fancyhdr)                \setlength{\headheight}{17.97902pt}.
(fancyhdr)                You might also make \topmargin smaller:
(fancyhdr)                \addtolength{\topmargin}{-7.97902pt}.

[36]
<Hinhve/chuong_3/sequence-diagram-chat.png, id=1317, 5869.93pt x 4524.905pt>
File: Hinhve/chuong_3/sequence-diagram-chat.png Graphic file (type png)
<use Hinhve/chuong_3/sequence-diagram-chat.png>
Package pdftex.def Info: Hinhve/chuong_3/sequence-diagram-chat.png  used on input line 329.
(pdftex.def)             Requested size: 584.69864pt x 450.72186pt.


Package fancyhdr Warning: \headheight is too small (10.0pt): 
(fancyhdr)                Make it at least 17.97902pt, for example:
(fancyhdr)                \setlength{\headheight}{17.97902pt}.
(fancyhdr)                You might also make \topmargin smaller:
(fancyhdr)                \addtolength{\topmargin}{-7.97902pt}.

[37

 <./Hinhve/chuong_3/sequence-diagram-chat.png>]

Package fancyhdr Warning: \headheight is too small (10.0pt): 
(fancyhdr)                Make it at least 17.97902pt, for example:
(fancyhdr)                \setlength{\headheight}{17.97902pt}.
(fancyhdr)                You might also make \topmargin smaller:
(fancyhdr)                \addtolength{\topmargin}{-7.97902pt}.

[38]
<Hinhve/chuong_3/sequence-diagram-voice-to-text.png, id=1328, 3372.6pt x 2212.265pt>
File: Hinhve/chuong_3/sequence-diagram-voice-to-text.png Graphic file (type png)
<use Hinhve/chuong_3/sequence-diagram-voice-to-text.png>
Package pdftex.def Info: Hinhve/chuong_3/sequence-diagram-voice-to-text.png  used on input line 394.
(pdftex.def)             Requested size: 469.43332pt x 365.6156pt.

Overfull \hbox (42.64197pt too wide) in paragraph at lines 394--395
 [][] 
 []


Package fancyhdr Warning: \headheight is too small (10.0pt): 
(fancyhdr)                Make it at least 17.97902pt, for example:
(fancyhdr)                \setlength{\headheight}{17.97902pt}.
(fancyhdr)                You might also make \topmargin smaller:
(fancyhdr)                \addtolength{\topmargin}{-7.97902pt}.

[39

 <./Hinhve/chuong_3/sequence-diagram-voice-to-text.png>]

Package fancyhdr Warning: \headheight is too small (10.0pt): 
(fancyhdr)                Make it at least 17.97902pt, for example:
(fancyhdr)                \setlength{\headheight}{17.97902pt}.
(fancyhdr)                You might also make \topmargin smaller:
(fancyhdr)                \addtolength{\topmargin}{-7.97902pt}.

[40]
<Hinhve/chuong_3/sequence-diagram-text-to-speech.png, id=1338, 5536.685pt x 3910.61pt>
File: Hinhve/chuong_3/sequence-diagram-text-to-speech.png Graphic file (type png)
<use Hinhve/chuong_3/sequence-diagram-text-to-speech.png>
Package pdftex.def Info: Hinhve/chuong_3/sequence-diagram-text-to-speech.png  used on input line 464.
(pdftex.def)             Requested size: 584.70616pt x 412.98318pt.


Package fancyhdr Warning: \headheight is too small (10.0pt): 
(fancyhdr)                Make it at least 17.97902pt, for example:
(fancyhdr)                \setlength{\headheight}{17.97902pt}.
(fancyhdr)                You might also make \topmargin smaller:
(fancyhdr)                \addtolength{\topmargin}{-7.97902pt}.

[41

 <./Hinhve/chuong_3/sequence-diagram-text-to-speech.png>]

Package fancyhdr Warning: \headheight is too small (10.0pt): 
(fancyhdr)                Make it at least 17.97902pt, for example:
(fancyhdr)                \setlength{\headheight}{17.97902pt}.
(fancyhdr)                You might also make \topmargin smaller:
(fancyhdr)                \addtolength{\topmargin}{-7.97902pt}.

[42]
<Hinhve/chuong_3/sequence-diagram-history-chat.png, id=1349, 5111.095pt x 2340.745pt>
File: Hinhve/chuong_3/sequence-diagram-history-chat.png Graphic file (type png)
<use Hinhve/chuong_3/sequence-diagram-history-chat.png>
Package pdftex.def Info: Hinhve/chuong_3/sequence-diagram-history-chat.png  used on input line 516.
(pdftex.def)             Requested size: 558.79068pt x 255.937pt.


Package fancyhdr Warning: \headheight is too small (10.0pt): 
(fancyhdr)                Make it at least 17.97902pt, for example:
(fancyhdr)                \setlength{\headheight}{17.97902pt}.
(fancyhdr)                You might also make \topmargin smaller:
(fancyhdr)                \addtolength{\topmargin}{-7.97902pt}.

[43

 <./Hinhve/chuong_3/sequence-diagram-history-chat.png>]

Package fancyhdr Warning: \headheight is too small (10.0pt): 
(fancyhdr)                Make it at least 17.97902pt, for example:
(fancyhdr)                \setlength{\headheight}{17.97902pt}.
(fancyhdr)                You might also make \topmargin smaller:
(fancyhdr)                \addtolength{\topmargin}{-7.97902pt}.

[44]
<Hinhve/chuong_3/sequence-diagram-crawler-course.png, id=1359, 4994.66pt x 2541.495pt>
File: Hinhve/chuong_3/sequence-diagram-crawler-course.png Graphic file (type png)
<use Hinhve/chuong_3/sequence-diagram-crawler-course.png>
Package pdftex.def Info: Hinhve/chuong_3/sequence-diagram-crawler-course.png  used on input line 578.
(pdftex.def)             Requested size: 574.793pt x 292.48987pt.


Package fancyhdr Warning: \headheight is too small (10.0pt): 
(fancyhdr)                Make it at least 17.97902pt, for example:
(fancyhdr)                \setlength{\headheight}{17.97902pt}.
(fancyhdr)                You might also make \topmargin smaller:
(fancyhdr)                \addtolength{\topmargin}{-7.97902pt}.

[45

 <./Hinhve/chuong_3/sequence-diagram-crawler-course.png>]
Underfull \vbox (badness 10000) has occurred while \output is active []



Package fancyhdr Warning: \headheight is too small (10.0pt): 
(fancyhdr)                Make it at least 17.97902pt, for example:
(fancyhdr)                \setlength{\headheight}{17.97902pt}.
(fancyhdr)                You might also make \topmargin smaller:
(fancyhdr)                \addtolength{\topmargin}{-7.97902pt}.

[46]
<Hinhve/chuong_3/system-diagram-over-all.png, id=1369, 5512.595pt x 3087.535pt>
File: Hinhve/chuong_3/system-diagram-over-all.png Graphic file (type png)
<use Hinhve/chuong_3/system-diagram-over-all.png>
Package pdftex.def Info: Hinhve/chuong_3/system-diagram-over-all.png  used on input line 647.
(pdftex.def)             Requested size: 574.42351pt x 321.74554pt.


Package fancyhdr Warning: \headheight is too small (10.0pt): 
(fancyhdr)                Make it at least 17.97902pt, for example:
(fancyhdr)                \setlength{\headheight}{17.97902pt}.
(fancyhdr)                You might also make \topmargin smaller:
(fancyhdr)                \addtolength{\topmargin}{-7.97902pt}.

[47 <./Hinhve/chuong_3/system-diagram-over-all.png>]
Underfull \vbox (badness 10000) has occurred while \output is active []



Package fancyhdr Warning: \headheight is too small (10.0pt): 
(fancyhdr)                Make it at least 17.97902pt, for example:
(fancyhdr)                \setlength{\headheight}{17.97902pt}.
(fancyhdr)                You might also make \topmargin smaller:
(fancyhdr)                \addtolength{\topmargin}{-7.97902pt}.

[48]

Package fancyhdr Warning: \headheight is too small (10.0pt): 
(fancyhdr)                Make it at least 17.97902pt, for example:
(fancyhdr)                \setlength{\headheight}{17.97902pt}.
(fancyhdr)                You might also make \topmargin smaller:
(fancyhdr)                \addtolength{\topmargin}{-7.97902pt}.

[49]

Package fancyhdr Warning: \headheight is too small (10.0pt): 
(fancyhdr)                Make it at least 17.97902pt, for example:
(fancyhdr)                \setlength{\headheight}{17.97902pt}.
(fancyhdr)                You might also make \topmargin smaller:
(fancyhdr)                \addtolength{\topmargin}{-7.97902pt}.

[50]
<Hinhve/chuong_3/Relationship-authen.png, id=1388, 1008.76875pt x 509.905pt>
File: Hinhve/chuong_3/Relationship-authen.png Graphic file (type png)
<use Hinhve/chuong_3/Relationship-authen.png>
Package pdftex.def Info: Hinhve/chuong_3/Relationship-authen.png  used on input line 839.
(pdftex.def)             Requested size: 554.82454pt x 280.44861pt.

Overfull \hbox (73.59769pt too wide) in paragraph at lines 837--840
 []|  [] 
 []


Overfull \hbox (4.836pt too wide) in paragraph at lines 900--900
[]|\T5/ptm/m/n/11.86258 instituteManage|  
 []


Underfull \hbox (badness 3503) in paragraph at lines 992--992
[]|\T5/ptm/m/n/11.86258 M¢ ^^_ành danh
 []


Underfull \hbox (badness 3281) in paragraph at lines 992--992
\T5/ptm/m/n/11.86258 cì sð dú li»u
 []


Underfull \hbox (badness 5460) in paragraph at lines 992--992
[]|\T5/ptm/m/n/11.86258 Nëi dung v«n
 []


Underfull \hbox (badness 2334) in paragraph at lines 992--992
\T5/ptm/m/n/11.86258 b£n ^^_÷ñc têng
 []


Underfull \hbox (badness 8170) in paragraph at lines 992--992
\T5/ptm/m/n/11.86258 khi thüc hi»n
 []


Underfull \hbox (badness 3838) in paragraph at lines 992--992
\T5/ptm/m/n/11.86258 ^^_°c tr÷ng ngú
 []


Underfull \hbox (badness 3514) in paragraph at lines 992--992
\T5/ptm/m/n/11.86258 ngh¾a cõa håc
 []


Underfull \hbox (badness 1721) in paragraph at lines 992--992
\T5/ptm/m/n/11.86258 ra tø mæ h¼nh
 []


Underfull \hbox (badness 6078) in paragraph at lines 992--992
[]|\T5/ptm/m/n/11.86258 T¶n håc ph¦n
 []


Underfull \hbox (badness 1412) in paragraph at lines 992--992
[]|\T5/ptm/m/n/11.86258 Vi»n ho°c ^^_ìn
 []


Underfull \hbox (badness 1383) in paragraph at lines 992--992
[]|\T5/ptm/m/n/11.86258 Sè t½n ch¿ cõa
 []


Underfull \hbox (badness 10000) in paragraph at lines 992--992
[]|\T5/ptm/m/n/11.86258 Håc ph½ t½nh
 []


Underfull \hbox (badness 1087) in paragraph at lines 992--992
[]|\T5/ptm/m/n/11.86258 Danh s¡ch håc
 []


Underfull \hbox (badness 1009) in paragraph at lines 992--992
\T5/ptm/m/n/11.86258 ph¦n ^^_i·u ki»n
 []


Underfull \hbox (badness 1629) in paragraph at lines 992--992
\T5/ptm/m/n/11.86258 ho°c håc ph¦n
 []


Underfull \hbox (badness 10000) in paragraph at lines 992--992
[]|\T5/ptm/m/n/11.86258 Trång sè cõa
 []


Package fancyhdr Warning: \headheight is too small (10.0pt): 
(fancyhdr)                Make it at least 17.97902pt, for example:
(fancyhdr)                \setlength{\headheight}{17.97902pt}.
(fancyhdr)                You might also make \topmargin smaller:
(fancyhdr)                \addtolength{\topmargin}{-7.97902pt}.

[51

 <./Hinhve/chuong_3/Relationship-authen.png>]

Package fancyhdr Warning: \headheight is too small (10.0pt): 
(fancyhdr)                Make it at least 17.97902pt, for example:
(fancyhdr)                \setlength{\headheight}{17.97902pt}.
(fancyhdr)                You might also make \topmargin smaller:
(fancyhdr)                \addtolength{\topmargin}{-7.97902pt}.

[52]

Package fancyhdr Warning: \headheight is too small (10.0pt): 
(fancyhdr)                Make it at least 17.97902pt, for example:
(fancyhdr)                \setlength{\headheight}{17.97902pt}.
(fancyhdr)                You might also make \topmargin smaller:
(fancyhdr)                \addtolength{\topmargin}{-7.97902pt}.

[53])

Package fancyhdr Warning: \headheight is too small (10.0pt): 
(fancyhdr)                Make it at least 17.97902pt, for example:
(fancyhdr)                \setlength{\headheight}{17.97902pt}.
(fancyhdr)                You might also make \topmargin smaller:
(fancyhdr)                \addtolength{\topmargin}{-7.97902pt}.

[54]
Ch\uhorn \ohorn ng 4.
(./Chuong/4_Xay_dung_va_trien_khai_he_thong.tex
Underfull \vbox (badness 10000) has occurred while \output is active []

 [55

]
Underfull \vbox (badness 10000) has occurred while \output is active []



Package fancyhdr Warning: \headheight is too small (10.0pt): 
(fancyhdr)                Make it at least 17.97902pt, for example:
(fancyhdr)                \setlength{\headheight}{17.97902pt}.
(fancyhdr)                You might also make \topmargin smaller:
(fancyhdr)                \addtolength{\topmargin}{-7.97902pt}.

[56]
Underfull \vbox (badness 10000) has occurred while \output is active []



Package fancyhdr Warning: \headheight is too small (10.0pt): 
(fancyhdr)                Make it at least 17.97902pt, for example:
(fancyhdr)                \setlength{\headheight}{17.97902pt}.
(fancyhdr)                You might also make \topmargin smaller:
(fancyhdr)                \addtolength{\topmargin}{-7.97902pt}.

[57]
Underfull \vbox (badness 10000) has occurred while \output is active []



Package fancyhdr Warning: \headheight is too small (10.0pt): 
(fancyhdr)                Make it at least 17.97902pt, for example:
(fancyhdr)                \setlength{\headheight}{17.97902pt}.
(fancyhdr)                You might also make \topmargin smaller:
(fancyhdr)                \addtolength{\topmargin}{-7.97902pt}.

[58]
Underfull \vbox (badness 10000) has occurred while \output is active []



Package fancyhdr Warning: \headheight is too small (10.0pt): 
(fancyhdr)                Make it at least 17.97902pt, for example:
(fancyhdr)                \setlength{\headheight}{17.97902pt}.
(fancyhdr)                You might also make \topmargin smaller:
(fancyhdr)                \addtolength{\topmargin}{-7.97902pt}.

[59]
LaTeX Font Info:    Trying to load font information for T5+pcr on input line 154.
 (/opt/homebrew/Cellar/texlive/20260301/share/texmf-dist/tex/latex/vntex/t5pcr.fd
File: t5ucr.fd 2005/08/24 Fontinst v1.929 font definitions for T5/pcr.
)
Underfull \vbox (badness 10000) has occurred while \output is active []



Package fancyhdr Warning: \headheight is too small (10.0pt): 
(fancyhdr)                Make it at least 17.97902pt, for example:
(fancyhdr)                \setlength{\headheight}{17.97902pt}.
(fancyhdr)                You might also make \topmargin smaller:
(fancyhdr)                \addtolength{\topmargin}{-7.97902pt}.

[60]
Underfull \vbox (badness 10000) has occurred while \output is active []



Package fancyhdr Warning: \headheight is too small (10.0pt): 
(fancyhdr)                Make it at least 17.97902pt, for example:
(fancyhdr)                \setlength{\headheight}{17.97902pt}.
(fancyhdr)                You might also make \topmargin smaller:
(fancyhdr)                \addtolength{\topmargin}{-7.97902pt}.

[61]
Underfull \vbox (badness 10000) has occurred while \output is active []



Package fancyhdr Warning: \headheight is too small (10.0pt): 
(fancyhdr)                Make it at least 17.97902pt, for example:
(fancyhdr)                \setlength{\headheight}{17.97902pt}.
(fancyhdr)                You might also make \topmargin smaller:
(fancyhdr)                \addtolength{\topmargin}{-7.97902pt}.

[62]

LaTeX Font Warning: Font shape `OT1/cmr/bx/n' in size <13> not available
(Font)              size <12> substituted on input line 232.


LaTeX Font Warning: Font shape `OT1/cmr/bx/n' in size <6.5> not available
(Font)              size <6> substituted on input line 232.


Underfull \vbox (badness 10000) has occurred while \output is active []



Package fancyhdr Warning: \headheight is too small (10.0pt): 
(fancyhdr)                Make it at least 17.97902pt, for example:
(fancyhdr)                \setlength{\headheight}{17.97902pt}.
(fancyhdr)                You might also make \topmargin smaller:
(fancyhdr)                \addtolength{\topmargin}{-7.97902pt}.

[63]
Overfull \hbox (1.12761pt too wide) in paragraph at lines 258--259
[]\T5/ptm/m/n/13 Khi ng÷íi dòng gûi c¥u häi, Chat Ser-vice sû döng còng mæ h¼nh \T5/ptm/m/it/13 text-embedding-
 []


Underfull \vbox (badness 10000) has occurred while \output is active []



Package fancyhdr Warning: \headheight is too small (10.0pt): 
(fancyhdr)                Make it at least 17.97902pt, for example:
(fancyhdr)                \setlength{\headheight}{17.97902pt}.
(fancyhdr)                You might also make \topmargin smaller:
(fancyhdr)                \addtolength{\topmargin}{-7.97902pt}.

[64]
Underfull \vbox (badness 10000) has occurred while \output is active []



Package fancyhdr Warning: \headheight is too small (10.0pt): 
(fancyhdr)                Make it at least 17.97902pt, for example:
(fancyhdr)                \setlength{\headheight}{17.97902pt}.
(fancyhdr)                You might also make \topmargin smaller:
(fancyhdr)                \addtolength{\topmargin}{-7.97902pt}.

[65]
<Hinhve/chuong_4/prompt.png, id=1466, 1537.745pt x 959.585pt>
File: Hinhve/chuong_4/prompt.png Graphic file (type png)
<use Hinhve/chuong_4/prompt.png>
Package pdftex.def Info: Hinhve/chuong_4/prompt.png  used on input line 295.
(pdftex.def)             Requested size: 527.30803pt x 329.0539pt.

Overfull \hbox (8.16046pt too wide) in paragraph at lines 289--296
 []|  [] 
 []


Underfull \vbox (badness 3240) has occurred while \output is active []



Package fancyhdr Warning: \headheight is too small (10.0pt): 
(fancyhdr)                Make it at least 17.97902pt, for example:
(fancyhdr)                \setlength{\headheight}{17.97902pt}.
(fancyhdr)                You might also make \topmargin smaller:
(fancyhdr)                \addtolength{\topmargin}{-7.97902pt}.

[66 <./Hinhve/chuong_4/prompt.png>]
<Hinhve/chuong_4/websocket-chat.png, id=1474, 1517.67pt x 985.6825pt>
File: Hinhve/chuong_4/websocket-chat.png Graphic file (type png)
<use Hinhve/chuong_4/websocket-chat.png>
Package pdftex.def Info: Hinhve/chuong_4/websocket-chat.png  used on input line 321.
(pdftex.def)             Requested size: 506.64525pt x 329.0539pt.


Package fancyhdr Warning: \headheight is too small (10.0pt): 
(fancyhdr)                Make it at least 17.97902pt, for example:
(fancyhdr)                \setlength{\headheight}{17.97902pt}.
(fancyhdr)                You might also make \topmargin smaller:
(fancyhdr)                \addtolength{\topmargin}{-7.97902pt}.

[67 <./Hinhve/chuong_4/websocket-chat.png>]
Underfull \vbox (badness 10000) has occurred while \output is active []



Package fancyhdr Warning: \headheight is too small (10.0pt): 
(fancyhdr)                Make it at least 17.97902pt, for example:
(fancyhdr)                \setlength{\headheight}{17.97902pt}.
(fancyhdr)                You might also make \topmargin smaller:
(fancyhdr)                \addtolength{\topmargin}{-7.97902pt}.

[68]
Underfull \vbox (badness 10000) has occurred while \output is active []



Package fancyhdr Warning: \headheight is too small (10.0pt): 
(fancyhdr)                Make it at least 17.97902pt, for example:
(fancyhdr)                \setlength{\headheight}{17.97902pt}.
(fancyhdr)                You might also make \topmargin smaller:
(fancyhdr)                \addtolength{\topmargin}{-7.97902pt}.

[69]
Underfull \vbox (badness 10000) has occurred while \output is active []



Package fancyhdr Warning: \headheight is too small (10.0pt): 
(fancyhdr)                Make it at least 17.97902pt, for example:
(fancyhdr)                \setlength{\headheight}{17.97902pt}.
(fancyhdr)                You might also make \topmargin smaller:
(fancyhdr)                \addtolength{\topmargin}{-7.97902pt}.

[70]
Underfull \vbox (badness 10000) has occurred while \output is active []



Package fancyhdr Warning: \headheight is too small (10.0pt): 
(fancyhdr)                Make it at least 17.97902pt, for example:
(fancyhdr)                \setlength{\headheight}{17.97902pt}.
(fancyhdr)                You might also make \topmargin smaller:
(fancyhdr)                \addtolength{\topmargin}{-7.97902pt}.

[71]
Underfull \vbox (badness 10000) has occurred while \output is active []



Package fancyhdr Warning: \headheight is too small (10.0pt): 
(fancyhdr)                Make it at least 17.97902pt, for example:
(fancyhdr)                \setlength{\headheight}{17.97902pt}.
(fancyhdr)                You might also make \topmargin smaller:
(fancyhdr)                \addtolength{\topmargin}{-7.97902pt}.

[72])

Package fancyhdr Warning: \headheight is too small (10.0pt): 
(fancyhdr)                Make it at least 17.97902pt, for example:
(fancyhdr)                \setlength{\headheight}{17.97902pt}.
(fancyhdr)                You might also make \topmargin smaller:
(fancyhdr)                \addtolength{\topmargin}{-7.97902pt}.

[73]
Ch\uhorn \ohorn ng 5.
(./Chuong/5_Danh_gia_va_thu_nghiem.tex
Overfull \hbox (23.37357pt too wide) in paragraph at lines 27--40
 [][] 
 []

<Hinhve/chuong_5/kiem-thu-login-success-post-man.png, id=1521, 1445.4pt x 723.70375pt>
File: Hinhve/chuong_5/kiem-thu-login-success-post-man.png Graphic file (type png)
<use Hinhve/chuong_5/kiem-thu-login-success-post-man.png>
Package pdftex.def Info: Hinhve/chuong_5/kiem-thu-login-success-post-man.png  used on input line 49.
(pdftex.def)             Requested size: 426.7863pt x 213.68953pt.

Underfull \vbox (badness 10000) has occurred while \output is active []

 [74

]
<Hinhve/chuong_5/kiem-thu-login-failed-post-man.png, id=1526, 1495.5875pt x 706.64pt>
File: Hinhve/chuong_5/kiem-thu-login-failed-post-man.png Graphic file (type png)
<use Hinhve/chuong_5/kiem-thu-login-failed-post-man.png>
Package pdftex.def Info: Hinhve/chuong_5/kiem-thu-login-failed-post-man.png  used on input line 59.
(pdftex.def)             Requested size: 426.79457pt x 201.65327pt.
<Hinhve/chuong_5/trang-login.png, id=1527, 1924.18875pt x 927.465pt>
File: Hinhve/chuong_5/trang-login.png Graphic file (type png)
<use Hinhve/chuong_5/trang-login.png>
Package pdftex.def Info: Hinhve/chuong_5/trang-login.png  used on input line 69.
(pdftex.def)             Requested size: 426.7874pt x 205.71286pt.

Underfull \vbox (badness 10000) has occurred while \output is active []



Package fancyhdr Warning: \headheight is too small (10.0pt): 
(fancyhdr)                Make it at least 17.97902pt, for example:
(fancyhdr)                \setlength{\headheight}{17.97902pt}.
(fancyhdr)                You might also make \topmargin smaller:
(fancyhdr)                \addtolength{\topmargin}{-7.97902pt}.

[75 <./Hinhve/chuong_5/kiem-thu-login-success-post-man.png> <./Hinhve/chuong_5/kiem-thu-login-failed-post-man.png>]
Overfull \hbox (9.14719pt too wide) in paragraph at lines 81--98
 [][] 
 []


Package fancyhdr Warning: \headheight is too small (10.0pt): 
(fancyhdr)                Make it at least 17.97902pt, for example:
(fancyhdr)                \setlength{\headheight}{17.97902pt}.
(fancyhdr)                You might also make \topmargin smaller:
(fancyhdr)                \addtolength{\topmargin}{-7.97902pt}.

[76 <./Hinhve/chuong_5/trang-login.png>]
<Hinhve/chuong_5/kiem-thu-chat.png, id=1540, 1923.185pt x 923.45pt>
File: Hinhve/chuong_5/kiem-thu-chat.png Graphic file (type png)
<use Hinhve/chuong_5/kiem-thu-chat.png>
Package pdftex.def Info: Hinhve/chuong_5/kiem-thu-chat.png  used on input line 107.
(pdftex.def)             Requested size: 426.77019pt x 204.92096pt.
<Hinhve/chuong_5/kiem-thu-chat-stream-text.png, id=1541, 1497.595pt x 878.28125pt>
File: Hinhve/chuong_5/kiem-thu-chat-stream-text.png Graphic file (type png)
<use Hinhve/chuong_5/kiem-thu-chat-stream-text.png>
Package pdftex.def Info: Hinhve/chuong_5/kiem-thu-chat-stream-text.png  used on input line 117.
(pdftex.def)             Requested size: 426.79617pt x 250.29936pt.


Package fancyhdr Warning: \headheight is too small (10.0pt): 
(fancyhdr)                Make it at least 17.97902pt, for example:
(fancyhdr)                \setlength{\headheight}{17.97902pt}.
(fancyhdr)                You might also make \topmargin smaller:
(fancyhdr)                \addtolength{\topmargin}{-7.97902pt}.

[77

 <./Hinhve/chuong_5/kiem-thu-chat.png> <./Hinhve/chuong_5/kiem-thu-chat-stream-text.png>]
Overfull \hbox (9.14719pt too wide) in paragraph at lines 130--147
 [][] 
 []

<Hinhve/chuong_5/kiem-thu-bat-dau-thu-am.png, id=1549, 1926.19624pt x 924.45375pt>
File: Hinhve/chuong_5/kiem-thu-bat-dau-thu-am.png Graphic file (type png)
<use Hinhve/chuong_5/kiem-thu-bat-dau-thu-am.png>
Package pdftex.def Info: Hinhve/chuong_5/kiem-thu-bat-dau-thu-am.png  used on input line 155.
(pdftex.def)             Requested size: 426.7918pt x 204.83337pt.

Package fancyhdr Warning: \headheight is too small (10.0pt): 
(fancyhdr)                Make it at least 17.97902pt, for example:
(fancyhdr)                \setlength{\headheight}{17.97902pt}.
(fancyhdr)                You might also make \topmargin smaller:
(fancyhdr)                \addtolength{\topmargin}{-7.97902pt}.

[78

 <./Hinhve/chuong_5/kiem-thu-bat-dau-thu-am.png>]
<Hinhve/chuong_5/kiem-thu-thu-am.png, id=1555, 1926.19624pt x 926.46124pt>
File: Hinhve/chuong_5/kiem-thu-thu-am.png Graphic file (type png)
<use Hinhve/chuong_5/kiem-thu-thu-am.png>
Package pdftex.def Info: Hinhve/chuong_5/kiem-thu-thu-am.png  used on input line 166.
(pdftex.def)             Requested size: 426.7918pt x 205.27817pt.
<Hinhve/chuong_5/kiem-thu-thu-am-api.png, id=1556, 1043.39813pt x 659.46375pt>
File: Hinhve/chuong_5/kiem-thu-thu-am-api.png Graphic file (type png)
<use Hinhve/chuong_5/kiem-thu-thu-am-api.png>
Package pdftex.def Info: Hinhve/chuong_5/kiem-thu-thu-am-api.png  used on input line 176.
(pdftex.def)             Requested size: 426.79298pt x 269.74794pt.


Package fancyhdr Warning: \headheight is too small (10.0pt): 
(fancyhdr)                Make it at least 17.97902pt, for example:
(fancyhdr)                \setlength{\headheight}{17.97902pt}.
(fancyhdr)                You might also make \topmargin smaller:
(fancyhdr)                \addtolength{\topmargin}{-7.97902pt}.

[79

 <./Hinhve/chuong_5/kiem-thu-thu-am.png> <./Hinhve/chuong_5/kiem-thu-thu-am-api.png>]
Overfull \hbox (9.14719pt too wide) in paragraph at lines 191--208
 [][] 
 []

<Hinhve/chuong_5/kiem-thu-text-to-speech-fe.png, id=1563, 1185.42876pt x 597.23125pt>
File: Hinhve/chuong_5/kiem-thu-text-to-speech-fe.png Graphic file (type png)
<use Hinhve/chuong_5/kiem-thu-text-to-speech-fe.png>
Package pdftex.def Info: Hinhve/chuong_5/kiem-thu-text-to-speech-fe.png  used on input line 216.
(pdftex.def)             Requested size: 426.7902pt x 215.0213pt.

Package fancyhdr Warning: \headheight is too small (10.0pt): 
(fancyhdr)                Make it at least 17.97902pt, for example:
(fancyhdr)                \setlength{\headheight}{17.97902pt}.
(fancyhdr)                You might also make \topmargin smaller:
(fancyhdr)                \addtolength{\topmargin}{-7.97902pt}.

[80

 <./Hinhve/chuong_5/kiem-thu-text-to-speech-fe.png>]
<Hinhve/chuong_5/kiem-thu-text-to-speech-be.png, id=1569, 1101.11375pt x 885.3075pt>
File: Hinhve/chuong_5/kiem-thu-text-to-speech-be.png Graphic file (type png)
<use Hinhve/chuong_5/kiem-thu-text-to-speech-be.png>
Package pdftex.def Info: Hinhve/chuong_5/kiem-thu-text-to-speech-be.png  used on input line 227.
(pdftex.def)             Requested size: 426.79478pt x 343.14766pt.


Package fancyhdr Warning: \headheight is too small (10.0pt): 
(fancyhdr)                Make it at least 17.97902pt, for example:
(fancyhdr)                \setlength{\headheight}{17.97902pt}.
(fancyhdr)                You might also make \topmargin smaller:
(fancyhdr)                \addtolength{\topmargin}{-7.97902pt}.

[81

 <./Hinhve/chuong_5/kiem-thu-text-to-speech-be.png>]
Overfull \hbox (9.14719pt too wide) in paragraph at lines 241--258
 [][] 
 []

<Hinhve/chuong_5/kiem-thu-lich-su-chat.png, id=1575, 1927.2pt x 925.4575pt>
File: Hinhve/chuong_5/kiem-thu-lich-su-chat.png Graphic file (type png)
<use Hinhve/chuong_5/kiem-thu-lich-su-chat.png>
Package pdftex.def Info: Hinhve/chuong_5/kiem-thu-lich-su-chat.png  used on input line 266.
(pdftex.def)             Requested size: 426.77895pt x 204.9428pt.

Package fancyhdr Warning: \headheight is too small (10.0pt): 
(fancyhdr)                Make it at least 17.97902pt, for example:
(fancyhdr)                \setlength{\headheight}{17.97902pt}.
(fancyhdr)                You might also make \topmargin smaller:
(fancyhdr)                \addtolength{\topmargin}{-7.97902pt}.

[82

 <./Hinhve/chuong_5/kiem-thu-lich-su-chat.png>]
Overfull \hbox (9.14719pt too wide) in paragraph at lines 278--303
 [][] 
 []

<Hinhve/chuong_5/token-khong-hop-le.png, id=1581, 1107.13625pt x 654.445pt>
File: Hinhve/chuong_5/token-khong-hop-le.png Graphic file (type png)
<use Hinhve/chuong_5/token-khong-hop-le.png>
Package pdftex.def Info: Hinhve/chuong_5/token-khong-hop-le.png  used on input line 311.
(pdftex.def)             Requested size: 426.78091pt x 252.27666pt.

Package fancyhdr Warning: \headheight is too small (10.0pt): 
(fancyhdr)                Make it at least 17.97902pt, for example:
(fancyhdr)                \setlength{\headheight}{17.97902pt}.
(fancyhdr)                You might also make \topmargin smaller:
(fancyhdr)                \addtolength{\topmargin}{-7.97902pt}.

[83

 <./Hinhve/chuong_5/token-khong-hop-le.png>]
<Hinhve/chuong_5/token-khong-co-quyen-truy-cap-api-nay.png, id=1588, 1105.12875pt x 756.8275pt>
File: Hinhve/chuong_5/token-khong-co-quyen-truy-cap-api-nay.png Graphic file (type png)
<use Hinhve/chuong_5/token-khong-co-quyen-truy-cap-api-nay.png>
Package pdftex.def Info: Hinhve/chuong_5/token-khong-co-quyen-truy-cap-api-nay.png  used on input line 322.
(pdftex.def)             Requested size: 426.78276pt x 292.27448pt.
<Hinhve/chuong_5/token-hop-le.png, id=1589, 1099.10625pt x 858.20625pt>
File: Hinhve/chuong_5/token-hop-le.png Graphic file (type png)
<use Hinhve/chuong_5/token-hop-le.png>
Package pdftex.def Info: Hinhve/chuong_5/token-hop-le.png  used on input line 333.
(pdftex.def)             Requested size: 426.78813pt x 333.24553pt.


Package fancyhdr Warning: \headheight is too small (10.0pt): 
(fancyhdr)                Make it at least 17.97902pt, for example:
(fancyhdr)                \setlength{\headheight}{17.97902pt}.
(fancyhdr)                You might also make \topmargin smaller:
(fancyhdr)                \addtolength{\topmargin}{-7.97902pt}.

[84

 <./Hinhve/chuong_5/token-khong-co-quyen-truy-cap-api-nay.png> <./Hinhve/chuong_5/token-hop-le.png>]
Underfull \vbox (badness 10000) has occurred while \output is active []



Package fancyhdr Warning: \headheight is too small (10.0pt): 
(fancyhdr)                Make it at least 17.97902pt, for example:
(fancyhdr)                \setlength{\headheight}{17.97902pt}.
(fancyhdr)                You might also make \topmargin smaller:
(fancyhdr)                \addtolength{\topmargin}{-7.97902pt}.

[85

])

Package fancyhdr Warning: \headheight is too small (10.0pt): 
(fancyhdr)                Make it at least 17.97902pt, for example:
(fancyhdr)                \setlength{\headheight}{17.97902pt}.
(fancyhdr)                You might also make \topmargin smaller:
(fancyhdr)                \addtolength{\topmargin}{-7.97902pt}.

[86]
Ch\uhorn \ohorn ng 6.
(./Chuong/6_Ket_luan.tex
Underfull \vbox (badness 10000) has occurred while \output is active []

 [87

])

Package fancyhdr Warning: \headheight is too small (10.0pt): 
(fancyhdr)                Make it at least 17.97902pt, for example:
(fancyhdr)                \setlength{\headheight}{17.97902pt}.
(fancyhdr)                You might also make \topmargin smaller:
(fancyhdr)                \addtolength{\topmargin}{-7.97902pt}.

[88] [89

]
Ph\d {u} l\d {u}c A.
(./Chuong/Phu_luc_A.tex [90

]

Package fancyhdr Warning: \headheight is too small (10.0pt): 
(fancyhdr)                Make it at least 17.97902pt, for example:
(fancyhdr)                \setlength{\headheight}{17.97902pt}.
(fancyhdr)                You might also make \topmargin smaller:
(fancyhdr)                \addtolength{\topmargin}{-7.97902pt}.

[91

]
Overfull \hbox (56.26282pt too wide) in paragraph at lines 151--151
[]    \T5/pcr/m/n/13 "text": "Xin ch o, t¼m hiºu tæi håc ph¦n lªp tr¼nh m¤ng.",[] 
 []


Package fancyhdr Warning: \headheight is too small (10.0pt): 
(fancyhdr)                Make it at least 17.97902pt, for example:
(fancyhdr)                \setlength{\headheight}{17.97902pt}.
(fancyhdr)                You might also make \topmargin smaller:
(fancyhdr)                \addtolength{\topmargin}{-7.97902pt}.

[92

]
Overfull \hbox (25.51782pt too wide) in paragraph at lines 210--210
[]        \T5/pcr/m/n/13 "title": "05/08/2026 17:42:42 ^^^o¤n hëi tho¤i mîi",[] 
 []


Package fancyhdr Warning: \headheight is too small (10.0pt): 
(fancyhdr)                Make it at least 17.97902pt, for example:
(fancyhdr)                \setlength{\headheight}{17.97902pt}.
(fancyhdr)                You might also make \topmargin smaller:
(fancyhdr)                \addtolength{\topmargin}{-7.97902pt}.

[93

]

Package fancyhdr Warning: \headheight is too small (10.0pt): 
(fancyhdr)                Make it at least 17.97902pt, for example:
(fancyhdr)                \setlength{\headheight}{17.97902pt}.
(fancyhdr)                You might also make \topmargin smaller:
(fancyhdr)                \addtolength{\topmargin}{-7.97902pt}.

[94

]

Package fancyhdr Warning: \headheight is too small (10.0pt): 
(fancyhdr)                Make it at least 17.97902pt, for example:
(fancyhdr)                \setlength{\headheight}{17.97902pt}.
(fancyhdr)                You might also make \topmargin smaller:
(fancyhdr)                \addtolength{\topmargin}{-7.97902pt}.

[95

]

Package fancyhdr Warning: \headheight is too small (10.0pt): 
(fancyhdr)                Make it at least 17.97902pt, for example:
(fancyhdr)                \setlength{\headheight}{17.97902pt}.
(fancyhdr)                You might also make \topmargin smaller:
(fancyhdr)                \addtolength{\topmargin}{-7.97902pt}.

[96]
Overfull \hbox (56.71783pt too wide) in paragraph at lines 391--391
[]            \T5/pcr/m/n/13 "title": "DD/MM/YYYY HH:mm:ss ^^^o¤n hëi tho¤i mîi",[] 
 []


Package fancyhdr Warning: \headheight is too small (10.0pt): 
(fancyhdr)                Make it at least 17.97902pt, for example:
(fancyhdr)                \setlength{\headheight}{17.97902pt}.
(fancyhdr)                You might also make \topmargin smaller:
(fancyhdr)                \addtolength{\topmargin}{-7.97902pt}.

[97

]
Overfull \hbox (11.46655pt too wide) in paragraph at lines 398--431
 [][] 
 []

)

Package fancyhdr Warning: \headheight is too small (10.0pt): 
(fancyhdr)                Make it at least 17.97902pt, for example:
(fancyhdr)                \setlength{\headheight}{17.97902pt}.
(fancyhdr)                You might also make \topmargin smaller:
(fancyhdr)                \addtolength{\topmargin}{-7.97902pt}.

[98

]
Ph\d {u} l\d {u}c B.
(./Chuong/Phu_luc_B.tex
LaTeX Font Info:    Calculating math sizes for size <10.83347> on input line 15.


LaTeX Font Warning: Font shape `OT1/cmr/m/n' in size <7.58339> not available
(Font)              size <8> substituted on input line 15.


LaTeX Font Warning: Font shape `OT1/cmr/m/n' in size <5.41673> not available
(Font)              size <5> substituted on input line 15.


LaTeX Font Warning: Font shape `OML/cmm/m/it' in size <7.58339> not available
(Font)              size <8> substituted on input line 15.


LaTeX Font Warning: Font shape `OML/cmm/m/it' in size <5.41673> not available
(Font)              size <5> substituted on input line 15.


LaTeX Font Warning: Font shape `OMS/cmsy/m/n' in size <7.58339> not available
(Font)              size <8> substituted on input line 15.


LaTeX Font Warning: Font shape `OMS/cmsy/m/n' in size <5.41673> not available
(Font)              size <5> substituted on input line 15.


LaTeX Font Warning: Font shape `OT1/cmr/bx/n' in size <7.58339> not available
(Font)              size <8> substituted on input line 15.


LaTeX Font Warning: Font shape `OT1/cmr/bx/n' in size <5.41673> not available
(Font)              size <5> substituted on input line 15.


LaTeX Font Warning: Font shape `U/lasy/m/n' in size <7.58339> not available
(Font)              size <8> substituted on input line 15.


LaTeX Font Warning: Font shape `U/lasy/m/n' in size <5.41673> not available
(Font)              size <5> substituted on input line 15.

LaTeX Font Info:    Calculating math sizes for size <6.5> on input line 15.

LaTeX Font Warning: Font shape `OT1/cmr/m/n' in size <4.54997> not available
(Font)              size <5> substituted on input line 15.


LaTeX Font Warning: Font shape `OT1/cmr/m/n' in size <3.25> not available
(Font)              size <5> substituted on input line 15.


LaTeX Font Warning: Font shape `OML/cmm/m/it' in size <4.54997> not available
(Font)              size <5> substituted on input line 15.


LaTeX Font Warning: Font shape `OML/cmm/m/it' in size <3.25> not available
(Font)              size <5> substituted on input line 15.


LaTeX Font Warning: Font shape `OMS/cmsy/m/n' in size <4.54997> not available
(Font)              size <5> substituted on input line 15.


LaTeX Font Warning: Font shape `OMS/cmsy/m/n' in size <3.25> not available
(Font)              size <5> substituted on input line 15.


LaTeX Font Warning: Font shape `OT1/cmr/bx/n' in size <4.54997> not available
(Font)              size <5> substituted on input line 15.


LaTeX Font Warning: Font shape `OT1/cmr/bx/n' in size <3.25> not available
(Font)              size <5> substituted on input line 15.


LaTeX Font Warning: Font shape `U/lasy/m/n' in size <4.54997> not available
(Font)              size <5> substituted on input line 15.


LaTeX Font Warning: Font shape `U/lasy/m/n' in size <3.25> not available
(Font)              size <5> substituted on input line 15.


Underfull \vbox (badness 10000) has occurred while \output is active []

 [99

]
Underfull \vbox (badness 10000) has occurred while \output is active []



Package fancyhdr Warning: \headheight is too small (10.0pt): 
(fancyhdr)                Make it at least 17.97902pt, for example:
(fancyhdr)                \setlength{\headheight}{17.97902pt}.
(fancyhdr)                You might also make \topmargin smaller:
(fancyhdr)                \addtolength{\topmargin}{-7.97902pt}.

[100]
Underfull \vbox (badness 10000) has occurred while \output is active []



Package fancyhdr Warning: \headheight is too small (10.0pt): 
(fancyhdr)                Make it at least 17.97902pt, for example:
(fancyhdr)                \setlength{\headheight}{17.97902pt}.
(fancyhdr)                You might also make \topmargin smaller:
(fancyhdr)                \addtolength{\topmargin}{-7.97902pt}.

[101]
Underfull \vbox (badness 10000) has occurred while \output is active []



Package fancyhdr Warning: \headheight is too small (10.0pt): 
(fancyhdr)                Make it at least 17.97902pt, for example:
(fancyhdr)                \setlength{\headheight}{17.97902pt}.
(fancyhdr)                You might also make \topmargin smaller:
(fancyhdr)                \addtolength{\topmargin}{-7.97902pt}.

[102])

Package fancyhdr Warning: \headheight is too small (10.0pt): 
(fancyhdr)                Make it at least 17.97902pt, for example:
(fancyhdr)                \setlength{\headheight}{17.97902pt}.
(fancyhdr)                You might also make \topmargin smaller:
(fancyhdr)                \addtolength{\topmargin}{-7.97902pt}.

[103]
Ph\d {u} l\d {u}c C.
(./Chuong/Phu_luc_C.tex [104

]
Underfull \vbox (badness 10000) has occurred while \output is active []



Package fancyhdr Warning: \headheight is too small (10.0pt): 
(fancyhdr)                Make it at least 17.97902pt, for example:
(fancyhdr)                \setlength{\headheight}{17.97902pt}.
(fancyhdr)                You might also make \topmargin smaller:
(fancyhdr)                \addtolength{\topmargin}{-7.97902pt}.

[105]
Underfull \vbox (badness 10000) has occurred while \output is active []



Package fancyhdr Warning: \headheight is too small (10.0pt): 
(fancyhdr)                Make it at least 17.97902pt, for example:
(fancyhdr)                \setlength{\headheight}{17.97902pt}.
(fancyhdr)                You might also make \topmargin smaller:
(fancyhdr)                \addtolength{\topmargin}{-7.97902pt}.

[106]
Overfull \hbox (1.62376pt too wide) in paragraph at lines 245--245
[]    \T5/pcr/m/n/13 container_name: hust-assistant-chat-session-service[] 
 []


Underfull \vbox (badness 10000) has occurred while \output is active []



Package fancyhdr Warning: \headheight is too small (10.0pt): 
(fancyhdr)                Make it at least 17.97902pt, for example:
(fancyhdr)                \setlength{\headheight}{17.97902pt}.
(fancyhdr)                You might also make \topmargin smaller:
(fancyhdr)                \addtolength{\topmargin}{-7.97902pt}.

[107])

Package fancyhdr Warning: \headheight is too small (10.0pt): 
(fancyhdr)                Make it at least 17.97902pt, for example:
(fancyhdr)                \setlength{\headheight}{17.97902pt}.
(fancyhdr)                You might also make \topmargin smaller:
(fancyhdr)                \addtolength{\topmargin}{-7.97902pt}.

[108] (out/DoAn.aux)
 ***********
LaTeX2e <2025-11-01>
L3 programming layer <2026-01-19>
 ***********


LaTeX Font Warning: Size substitutions with differences
(Font)              up to 1.75pt have occurred.


LaTeX Warning: There were multiply-defined labels.

Package rerunfilecheck Info: File `DoAn.out' has not changed.
(rerunfilecheck)             Checksum: 2C1D5232D4E607256D040E01EE33737F;27365.
Package logreq Info: Writing requests to 'DoAn.run.xml'.
\openout1 = `DoAn.run.xml'.

 ) 
Here is how much of TeX's memory you used:
 36025 strings out of 467525
 688635 string characters out of 5408440
 1604987 words of memory out of 5000000
 63951 multiletter control sequences out of 15000+600000
 688373 words of font info for 124 fonts, out of 8000000 for 9000
 1141 hyphenation exceptions out of 8191
 108i,12n,107p,2539b,945s stack positions out of 10000i,1000n,20000p,200000b,200000s
</opt/homebrew/Cellar/texlive/20260301/share/texmf-dist/fonts/type1/public/amsfonts/cm/cmbx12.pfb></opt/homebrew/Cellar/texlive/20260301/share/texmf-dist/fonts/type1/public/amsfonts/cm/cmmi12.pfb></opt/homebrew/Cellar/texlive/20260301/share/texmf-dist/fonts/type1/public/amsfonts/cm/cmmi6.pfb></opt/homebrew/Cellar/texlive/20260301/share/texmf-dist/fonts/type1/public/amsfonts/cm/cmmi9.pfb></opt/homebrew/Cellar/texlive/20260301/share/texmf-dist/fonts/type1/public/amsfonts/cm/cmr12.pfb></opt/homebrew/Cellar/texlive/20260301/share/texmf-dist/fonts/type1/public/amsfonts/cm/cmr9.pfb></opt/homebrew/Cellar/texlive/20260301/share/texmf-dist/fonts/type1/public/amsfonts/cm/cmsy6.pfb></opt/homebrew/Cellar/texlive/20260301/share/texmf-dist/fonts/type1/vntex/urwvn/ucrr8v.pfb></opt/homebrew/Cellar/texlive/20260301/share/texmf-dist/fonts/type1/vntex/urwvn/utmb8v.pfb></opt/homebrew/Cellar/texlive/20260301/share/texmf-dist/fonts/type1/urw/times/utmr8a.pfb></opt/homebrew/Cellar/texlive/20260301/share/texmf-dist/fonts/type1/vntex/urwvn/utmr8v.pfb></opt/homebrew/Cellar/texlive/20260301/share/texmf-dist/fonts/type1/vntex/urwvn/utmri8v.pfb>
Output written on out/DoAn.pdf (122 pages, 7221117 bytes).
PDF statistics:
 1849 PDF objects out of 2073 (max. 8388607)
 1470 compressed objects within 15 object streams
 406 named destinations out of 1000 (max. 500000)
 1355 words of extra memory for PDF output out of 10000 (max. 10000000)

